drug,query_used,molecule_chembl_id,pref_name,molecule_type,max_phase,oral,parenteral,topical,black_box_warning,availability_type,first_approval,indication_class,helm_notation,canonical_smiles,standard_inchi,standard_inchi_key,full_mwt,alogp,psa,hba,hbd,rtb,aromatic_rings,heavy_atoms,num_ro5_violations,qed_weighted
AFATINIB,AFATINIB,CHEMBL1173655,AFATINIB,Small molecule,4.0,True,False,False,0,1.0,2013.0,,,CN(C)C/C=C/C(=O)Nc1cc2c(Nc3ccc(F)c(Cl)c3)ncnc2cc1O[C@H]1CCOC1,"InChI=1S/C24H25ClFN5O3/c1-31(2)8-3-4-23(32)30-21-11-17-20(12-22(21)34-16-7-9-33-13-16)27-14-28-24(17)29-15-5-6-19(26)18(25)10-15/h3-6,10-12,14,16H,7-9,13H2,1-2H3,(H,30,32)(H,27,28,29)/b4-3+/t16-/m0/s1",ULXXDDBFHOBEHA-CWDCEQMOSA-N,485.95,4.39,88.61,7,2,8,3,34,0,0.46
AVAGACESTAT,AVAGACESTAT,CHEMBL1090771,AVAGACESTAT,Small molecule,2.0,False,False,False,0,,,,,NC(=O)[C@@H](CCC(F)(F)F)N(Cc1ccc(-c2ncon2)cc1F)S(=O)(=O)c1ccc(Cl)cc1,"InChI=1S/C20H17ClF4N4O4S/c21-14-3-5-15(6-4-14)34(31,32)29(17(18(26)30)7-8-20(23,24)25)10-13-2-1-12(9-16(13)22)19-27-11-33-28-19/h1-6,9,11,17H,7-8,10H2,(H2,26,30)/t17-/m1/s1",XEAOPVUAMONVLA-QGZVFWFLSA-N,520.89,3.92,119.39,6,1,9,3,34,1,0.43
AXITINIB,AXITINIB,CHEMBL1289926,AXITINIB,Small molecule,4.0,True,False,False,0,1.0,2012.0,,,CNC(=O)c1ccccc1Sc1ccc2c(/C=C/c3ccccn3)n[nH]c2c1,"InChI=1S/C22H18N4OS/c1-23-22(27)18-7-2-3-8-21(18)28-16-10-11-17-19(25-26-20(17)14-16)12-9-15-6-4-5-13-24-15/h2-14H,1H3,(H,23,27)(H,25,26)/b12-9+",RITAVMQDGBJQJZ-FMIVXFBMSA-N,386.48,4.64,70.67,4,2,5,4,28,0,0.52
AZD4547,AZD4547,CHEMBL3184679,AZD-4547,Small molecule,,False,False,False,0,-1.0,,,,COc1cc(CCc2cc(NC(=O)c3ccc(N4CC(C)NC(C)C4)cc3)n[nH]2)cc(OC)c1,"InChI=1S/C26H33N5O3/c1-17-15-31(16-18(2)27-17)22-9-6-20(7-10-22)26(32)28-25-13-21(29-30-25)8-5-19-11-23(33-3)14-24(12-19)34-4/h6-7,9-14,17-18,27H,5,8,15-16H2,1-4H3,(H2,28,29,30,32)",VRQMAABPASPXMW-UHFFFAOYSA-N,463.58,3.65,91.51,6,3,8,3,34,0,0.47
AZD6738,AZD6738,CHEMBL4285417,CERALASERTIB,Small molecule,3.0,False,False,False,0,,,,,C[C@@H]1COCCN1c1cc(C2([S@](C)(=N)=O)CC2)nc(-c2cc[nH]c3nccc2-3)n1,"InChI=1S/C20H24N6O2S/c1-13-12-28-10-9-26(13)17-11-16(20(5-6-20)29(2,21)27)24-19(25-17)15-4-8-23-18-14(15)3-7-22-18/h3-4,7-8,11,13,21H,5-6,9-10,12H2,1-2H3,(H,22,23)/t13-,29-/m1/s1",OHUHVTCQTUDPIJ-JYCIKRDWSA-N,412.52,2.86,107.85,7,2,4,1,29,0,0.68
AZD7762,AZD7762,CHEMBL2041933,AZD-7762,Small molecule,1.0,False,False,False,0,,,,,NC(=O)Nc1cc(-c2cccc(F)c2)sc1C(=O)N[C@H]1CCCNC1,"InChI=1S/C17H19FN4O2S/c18-11-4-1-3-10(7-11)14-8-13(22-17(19)24)15(25-14)16(23)21-12-5-2-6-20-9-12/h1,3-4,7-8,12,20H,2,5-6,9H2,(H,21,23)(H3,19,22,24)/t12-/m0/s1",IAYGCINLNONXHY-LBPRGKRZSA-N,362.43,2.53,96.25,4,4,4,2,25,0,0.67
AZD8186,AZD8186,CHEMBL3408248,AZD-8186,Small molecule,1.0,False,False,False,0,,,,,C[C@@H](Nc1cc(F)cc(F)c1)c1cc(C(=O)N(C)C)cc2c(=O)cc(N3CCOCC3)oc12,"InChI=1S/C24H25F2N3O4/c1-14(27-18-11-16(25)10-17(26)12-18)19-8-15(24(31)28(2)3)9-20-21(30)13-22(33-23(19)20)29-4-6-32-7-5-29/h8-14,27H,4-7H2,1-3H3/t14-/m1/s1",LMJFJIDLEAWOQJ-CQSZACIVSA-N,457.48,3.78,75.02,6,1,5,3,33,0,0.63
BMS-536924,BMS-536924,CHEMBL401930,,Small molecule,,False,False,False,0,-1.0,,,,Cc1cc(N2CCOCC2)cc2[nH]c(-c3c(NC[C@@H](O)c4cccc(Cl)c4)cc[nH]c3=O)nc12,"InChI=1S/C25H26ClN5O3/c1-15-11-18(31-7-9-34-10-8-31)13-20-23(15)30-24(29-20)22-19(5-6-27-25(22)33)28-14-21(32)16-3-2-4-17(26)12-16/h2-6,11-13,21,32H,7-10,14H2,1H3,(H,29,30)(H2,27,28,33)/t21-/m1/s1",ZWVZORIKUNOTCS-OAQYLSRUSA-N,479.97,3.86,106.27,6,4,6,4,34,0,0.33
BOSUTINIB,BOSUTINIB,CHEMBL288441,BOSUTINIB,Small molecule,4.0,True,False,False,0,1.0,2012.0,,,COc1cc(Nc2c(C#N)cnc3cc(OCCCN4CCN(C)CC4)c(OC)cc23)c(Cl)cc1Cl,"InChI=1S/C26H29Cl2N5O3/c1-32-6-8-33(9-7-32)5-4-10-36-25-13-21-18(11-24(25)35-3)26(17(15-29)16-30-21)31-22-14-23(34-2)20(28)12-19(22)27/h11-14,16H,4-10H2,1-3H3,(H,30,31)",UBPYILGKFZZVDX-UHFFFAOYSA-N,530.46,5.19,82.88,8,1,9,3,36,2,0.38
CCT007093,CCT007093,CHEMBL255342,,Small molecule,,False,False,False,0,-1.0,,,,O=C1/C(=C/c2cccs2)CC/C1=C\c1cccs1,"InChI=1S/C15H12OS2/c16-15-11(9-13-3-1-7-17-13)5-6-12(15)10-14-4-2-8-18-14/h1-4,7-10H,5-6H2/b11-9+,12-10+",KPFZCKDPBMGECB-WGDLNXRISA-N,272.39,4.64,17.07,3,0,2,2,18,0,0.73
DACTOLISIB,DACTOLISIB,CHEMBL1879463,DACTOLISIB,Small molecule,3.0,False,False,False,0,,,,,Cn1c(=O)n(-c2ccc(C(C)(C)C#N)cc2)c2c3cc(-c4cnc5ccccc5c4)ccc3ncc21,"InChI=1S/C30H23N5O/c1-30(2,18-31)22-9-11-23(12-10-22)35-28-24-15-19(21-14-20-6-4-5-7-25(20)32-16-21)8-13-26(24)33-17-27(28)34(3)29(35)36/h4-17H,1-3H3",JOGKUKXHTYWRGZ-UHFFFAOYSA-N,469.55,5.89,76.50,6,0,3,6,36,1,0.32
DOCETAXEL,DOCETAXEL,CHEMBL3545252,DOCETAXEL,Small molecule,4.0,False,True,False,1,1.0,1995.0,,,CC(=O)O[C@@]12CO[C@@H]1C[C@H](O)[C@@]1(C)C(=O)[C@H](O)C3=C(C)[C@@H](OC(=O)[C@H](O)[C@@H](NC(=O)OC(C)(C)C)c4ccccc4)C[C@@](O)([C@@H](OC(=O)c4ccccc4)[C@H]21)C3(C)C.O.O.O,"InChI=1S/C43H53NO14.3H2O/c1-22-26(55-37(51)32(48)30(24-15-11-9-12-16-24)44-38(52)58-39(3,4)5)20-43(53)35(56-36(50)25-17-13-10-14-18-25)33-41(8,34(49)31(47)29(22)40(43,6)7)27(46)19-28-42(33,21-54-28)57-23(2)45;;;/h9-18,26-28,30-33,35,46-48,53H,19-21H2,1-8H3,(H,44,52);3*1H2/t26-,27-,28+,30-,31+,32+,33-,35-,41+,42-,43+;;;/m0.../s1",XCDIRYDKECHIPE-QHEQPUDQSA-N,861.94,3.26,224.45,14,5,8,2,58,2,0.15
DORAMAPIMOD,DORAMAPIMOD,CHEMBL103667,DORAMAPIMOD,Small molecule,2.0,False,False,False,0,,,,,Cc1ccc(-n2nc(C(C)(C)C)cc2NC(=O)Nc2ccc(OCCN3CCOCC3)c3ccccc23)cc1,"InChI=1S/C31H37N5O3/c1-22-9-11-23(12-10-22)36-29(21-28(34-36)31(2,3)4)33-30(37)32-26-13-14-27(25-8-6-5-7-24(25)26)39-20-17-35-15-18-38-19-16-35/h5-14,21H,15-20H2,1-4H3,(H2,32,33,37)",MVCOAUNKQVWQHZ-UHFFFAOYSA-N,527.67,5.99,80.65,6,2,7,4,39,2,0.31
EHT-1864,EHT-1864,CHEMBL3216441,,Small molecule,,False,False,False,0,-1.0,,,,Cl.Cl.O=c1cc(CN2CCOCC2)occ1OCCCCCSc1ccnc2cc(C(F)(F)F)ccc12,"InChI=1S/C25H27F3N2O4S.2ClH/c26-25(27,28)18-4-5-20-21(14-18)29-7-6-24(20)35-13-3-1-2-10-33-23-17-34-19(15-22(23)31)16-30-8-11-32-12-9-30;;/h4-7,14-15,17H,1-3,8-13,16H2;2*1H",LSECOAJFCKFQJG-UHFFFAOYSA-N,581.48,5.38,64.80,7,0,10,3,35,2,0.27
FULVESTRANT,FULVESTRANT,CHEMBL1358,FULVESTRANT,Small molecule,4.0,False,True,False,0,1.0,2002.0,,,C[C@]12CC[C@@H]3c4ccc(O)cc4C[C@@H](CCCCCCCCC[S+]([O-])CCCC(F)(F)C(F)(F)F)[C@H]3[C@@H]1CC[C@@H]2O,"InChI=1S/C32H47F5O3S/c1-30-17-15-26-25-12-11-24(38)21-23(25)20-22(29(26)27(30)13-14-28(30)39)10-7-5-3-2-4-6-8-18-41(40)19-9-16-31(33,34)32(35,36)37/h11-12,21-22,26-29,38-39H,2-10,13-20H2,1H3/t22-,26-,27+,28+,29-,30+,41?/m1/s1",VWUXBMIQPBEWFH-WCCTWKNTSA-N,606.78,8.68,63.52,3,2,14,1,41,2,0.13
GEFITINIB,GEFITINIB,CHEMBL939,GEFITINIB,Small molecule,4.0,True,False,False,0,1.0,2003.0,,,COc1cc2ncnc(Nc3ccc(F)c(Cl)c3)c2cc1OCCCN1CCOCC1,"InChI=1S/C22H24ClFN4O3/c1-29-20-13-19-16(12-21(20)31-8-2-5-28-6-9-30-10-7-28)22(26-14-25-19)27-15-3-4-18(24)17(23)11-15/h3-4,11-14H,2,5-10H2,1H3,(H,25,26,27)",XGALLCVXEZPNRQ-UHFFFAOYSA-N,446.91,4.28,68.74,7,1,8,3,31,0,0.52
GEMCITABINE,GEMCITABINE,CHEMBL888,GEMCITABINE,Small molecule,4.0,False,True,False,0,1.0,1996.0,,,Nc1ccn([C@@H]2O[C@H](CO)[C@@H](O)C2(F)F)c(=O)n1,"InChI=1S/C9H11F2N3O4/c10-9(11)6(16)4(3-15)18-7(9)14-2-1-5(12)13-8(14)17/h1-2,4,6-7,15-16H,3H2,(H2,12,13,17)/t4-,6-,7-/m1/s1",SDUQYLNIPVEERB-QPPQHZFASA-N,263.20,-1.29,110.60,7,3,2,1,18,0,0.61
GW441756,GW441756,CHEMBL5308477,,,,False,False,False,0,-1.0,,,,Cn1cc(/C=C2/C(=O)Nc3cccnc32)c2ccccc21,"InChI=1S/C17H13N3O/c1-20-10-11(12-5-2-3-7-15(12)20)9-13-16-14(19-17(13)21)6-4-8-18-16/h2-10H,1H3,(H,19,21)/b13-9+",NXNQLECPAXXYTR-UKTHLTGXSA-N,275.31,3.07,46.92,3,1,1,3,21,0,0.69
JQ1,JQ1,CHEMBL3220211,,Small molecule,,False,False,False,0,-1.0,,,,Cc1sc2c(c1C)C(c1ccc(Cl)cc1)=N[C@H](CC(=O)OC(C)(C)C)c1nnc(C)n1-2,"InChI=1S/C23H25ClN4O2S/c1-12-13(2)31-22-19(12)20(15-7-9-16(24)10-8-15)25-17(11-18(29)30-23(4,5)6)21-27-26-14(3)28(21)22/h7-10,17H,11H2,1-6H3/t17-/m1/s1",DNVXATUJJDPFDM-QGZVFWFLSA-N,457.00,5.53,69.37,7,0,3,3,31,1,0.49
KU-55933,KU-55933,CHEMBL222102,KU-55933,Small molecule,,False,False,False,0,-1.0,,,,O=c1cc(-c2cccc3c2Sc2ccccc2S3)oc(N2CCOCC2)c1,"InChI=1S/C21H17NO3S2/c23-14-12-16(25-20(13-14)22-8-10-24-11-9-22)15-4-3-7-19-21(15)27-18-6-2-1-5-17(18)26-19/h1-7,12-13H,8-11H2",XRKYMMUGXMWDAO-UHFFFAOYSA-N,395.51,4.76,42.68,6,0,2,3,27,0,0.49
LENALIDOMIDE,LENALIDOMIDE,CHEMBL848,LENALIDOMIDE,Small molecule,4.0,True,False,False,1,1.0,2005.0,,,Nc1cccc2c1CN(C1CCC(=O)NC1=O)C2=O,"InChI=1S/C13H13N3O3/c14-9-3-1-2-7-8(9)6-16(13(7)19)10-4-5-11(17)15-12(10)18/h1-3,10H,4-6,14H2,(H,15,17,18)",GOTYRUGSSMKFNF-UHFFFAOYSA-N,259.26,0.03,92.50,4,2,1,1,19,0,0.55
LESTAURTINIB,LESTAURTINIB,CHEMBL603469,LESTAURTINIB,Small molecule,3.0,False,False,False,0,,,,,C[C@]12O[C@H](C[C@]1(O)CO)n1c3ccccc3c3c4c(c5c6ccccc6n2c5c31)CNC4=O,"InChI=1S/C26H21N3O4/c1-25-26(32,12-30)10-18(33-25)28-16-8-4-2-6-13(16)20-21-15(11-27-24(21)31)19-14-7-3-5-9-17(14)29(25)23(19)22(20)28/h2-9,18,30,32H,10-12H2,1H3,(H,27,31)/t18-,25+,26+/m1/s1",UIARLYUEJFELEN-LROUJFHJSA-N,439.47,3.47,88.65,6,3,1,5,33,0,0.37
METHOTREXATE,METHOTREXATE,CHEMBL34259,METHOTREXATE,Small molecule,4.0,True,True,False,1,1.0,1953.0,,,CN(Cc1cnc2nc(N)nc(N)c2n1)c1ccc(C(=O)N[C@@H](CCC(=O)O)C(=O)O)cc1,"InChI=1S/C20H22N8O5/c1-28(9-11-8-23-17-15(24-11)16(21)26-20(22)27-17)12-4-2-10(3-5-12)18(31)25-13(19(32)33)6-7-14(29)30/h2-5,8,13H,6-7,9H2,1H3,(H,25,31)(H,29,30)(H,32,33)(H4,21,22,23,26,27)/t13-/m0/s1",FBOZXECLQNJBKD-ZDUSSCGKSA-N,454.45,0.27,210.54,10,5,9,3,33,0,0.29
MIRIN,MIRIN,CHEMBL570841,MIRIN,Small molecule,,False,False,False,0,-1.0,,,,N=C1NC(=O)/C(=C/c2ccc(O)cc2)S1,"InChI=1S/C10H8N2O2S/c11-10-12-9(14)8(15-10)5-6-1-3-7(13)4-2-6/h1-5,13H,(H2,11,12,14)/b8-5-",YBHQCJILTOVLHD-YVMONPNESA-N,220.25,1.53,73.18,4,3,1,1,15,0,0.63
MK-2206,MK-2206,CHEMBL1079175,MK-2206,Small molecule,2.0,False,False,False,0,,,,,NC1(c2ccc(-c3nc4ccn5c(=O)[nH]nc5c4cc3-c3ccccc3)cc2)CCC1,"InChI=1S/C25H21N5O/c26-25(12-4-13-25)18-9-7-17(8-10-18)22-19(16-5-2-1-3-6-16)15-20-21(27-22)11-14-30-23(20)28-29-24(30)31/h1-3,5-11,14-15H,4,12-13,26H2,(H,29,31)",ULDXWLCXEDXJGE-UHFFFAOYSA-N,407.48,4.24,89.07,5,2,3,5,31,0,0.47
MOTESANIB,MOTESANIB,CHEMBL572881,MOTESANIB,Small molecule,3.0,False,False,False,0,,,,,CC1(C)CNc2cc(NC(=O)c3cccnc3NCc3ccncc3)ccc21,"InChI=1S/C22H23N5O/c1-22(2)14-26-19-12-16(5-6-18(19)22)27-21(28)17-4-3-9-24-20(17)25-13-15-7-10-23-11-8-15/h3-12,26H,13-14H2,1-2H3,(H,24,25)(H,27,28)",RAHBGWKEPAQNFF-UHFFFAOYSA-N,373.46,4.04,78.94,5,3,5,3,28,0,0.63
NAVITOCLAX,NAVITOCLAX,CHEMBL443684,NAVITOCLAX,Small molecule,3.0,False,False,False,0,,,,,CC1(C)CCC(c2ccc(Cl)cc2)=C(CN2CCN(c3ccc(C(=O)NS(=O)(=O)c4ccc(N[C@H](CCN5CCOCC5)CSc5ccccc5)c(S(=O)(=O)C(F)(F)F)c4)cc3)CC2)C1,"InChI=1S/C47H55ClF3N5O6S3/c1-46(2)20-18-42(34-8-12-37(48)13-9-34)36(31-46)32-55-22-24-56(25-23-55)39-14-10-35(11-15-39)45(57)53-65(60,61)41-16-17-43(44(30-41)64(58,59)47(49,50)51)52-38(19-21-54-26-28-62-29-27-54)33-63-40-6-4-3-5-7-40/h3-17,30,38,52H,18-29,31-33H2,1-2H3,(H,53,57)/t38-/m1/s1",JLYAXFNOILIKPP-KXQOOQHDSA-N,974.63,8.83,128.36,11,2,16,4,65,3,0.10
NU7441,NU7441,CHEMBL5287725,,,,False,False,False,0,-1.0,,,,O=c1cc(N2CCOCC2)oc2c(-c3cccc4sc5ccccc5c34)cccc12,"InChI=1S/C25H19NO3S/c27-20-15-23(26-11-13-28-14-12-26)29-25-17(7-3-8-18(20)25)16-6-4-10-22-24(16)19-5-1-2-9-21(19)30-22/h1-10,15H,11-14H2",LSUVJEUFZJPDTK-UHFFFAOYSA-N,413.50,5.66,42.68,5,0,2,5,30,1,0.37
NUTLIN-3A (-),Nutlin-3a,CHEMBL191334,NUTLIN-3,Small molecule,,False,False,False,0,-1.0,,,,COc1ccc(C2=N[C@@H](c3ccc(Cl)cc3)[C@@H](c3ccc(Cl)cc3)N2C(=O)N2CCNC(=O)C2)c(OC(C)C)c1,"InChI=1S/C30H30Cl2N4O4/c1-18(2)40-25-16-23(39-3)12-13-24(25)29-34-27(19-4-8-21(31)9-5-19)28(20-6-10-22(32)11-7-20)36(29)30(38)35-15-14-33-26(37)17-35/h4-13,16,18,27-28H,14-15,17H2,1-3H3,(H,33,37)/t27-,28+/m0/s1",BDUHCSBCVGXTJM-WUFINQPMSA-N,581.50,5.89,83.47,5,1,6,3,40,2,0.39
OLAPARIB,OLAPARIB,CHEMBL521686,OLAPARIB,Small molecule,4.0,True,False,False,0,1.0,2014.0,,,O=C(c1cc(Cc2n[nH]c(=O)c3ccccc23)ccc1F)N1CCN(C(=O)C2CC2)CC1,"InChI=1S/C24H23FN4O3/c25-20-8-5-15(14-21-17-3-1-2-4-18(17)22(30)27-26-21)13-19(20)24(32)29-11-9-28(10-12-29)23(31)16-6-7-16/h1-5,8,13,16H,6-7,9-12,14H2,(H,27,30)",FDLYAMZZIXQODN-UHFFFAOYSA-N,434.47,2.35,86.37,4,1,4,3,32,0,0.68
PALBOCICLIB,PALBOCICLIB,CHEMBL189963,PALBOCICLIB,Small molecule,4.0,True,False,False,0,1.0,2015.0,,,CC(=O)c1c(C)c2cnc(Nc3ccc(N4CCNCC4)cn3)nc2n(C2CCCC2)c1=O,"InChI=1S/C24H29N7O2/c1-15-19-14-27-24(28-20-8-7-18(13-26-20)30-11-9-25-10-12-30)29-22(19)31(17-5-3-4-6-17)23(33)21(15)16(2)32/h7-8,13-14,17,25H,3-6,9-12H2,1-2H3,(H,26,27,28,29)",AHJRHEGDXFFMBM-UHFFFAOYSA-N,447.54,2.97,105.04,9,2,5,3,33,0,0.58
PD0325901,PD0325901,CHEMBL507361,MIRDAMETINIB,Small molecule,2.0,False,False,False,0,,,,,O=C(NOC[C@H](O)CO)c1ccc(F)c(F)c1Nc1ccc(I)cc1F,"InChI=1S/C16H14F3IN2O4/c17-11-3-2-10(16(25)22-26-7-9(24)6-23)15(14(11)19)21-13-4-1-8(20)5-12(13)18/h1-5,9,21,23-24H,6-7H2,(H,22,25)/t9-/m1/s1",SUDAHWBOROXANE-SECBINFHSA-N,482.20,2.47,90.82,5,4,7,2,26,0,0.36
PD173074,PD173074,CHEMBL189584,PD-173074,Small molecule,,False,False,False,0,-1.0,,,,CCN(CC)CCCCNc1ncc2cc(-c3cc(OC)cc(OC)c3)c(NC(=O)NC(C)(C)C)nc2n1,"InChI=1S/C28H41N7O3/c1-8-35(9-2)13-11-10-12-29-26-30-18-20-16-23(19-14-21(37-6)17-22(15-19)38-7)25(31-24(20)32-26)33-27(36)34-28(3,4)5/h14-18H,8-13H2,1-7H3,(H3,29,30,31,32,33,34,36)",DXCUKNQANPLTEJ-UHFFFAOYSA-N,523.68,5.16,113.53,8,3,12,3,38,2,0.28
PEVONEDISTAT,PEVONEDISTAT,CHEMBL1231160,PEVONEDISTAT,Small molecule,3.0,False,False,False,0,,,,,NS(=O)(=O)OC[C@@H]1C[C@@H](n2ccc3c(N[C@H]4CCc5ccccc54)ncnc32)C[C@@H]1O,"InChI=1S/C21H25N5O4S/c22-31(28,29)30-11-14-9-15(10-19(14)27)26-8-7-17-20(23-12-24-21(17)26)25-18-6-5-13-3-1-2-4-16(13)18/h1-4,7-8,12,14-15,18-19,27H,5-6,9-11H2,(H2,22,28,29)(H,23,24,25)/t14-,15+,18-,19-/m0/s1",MPUQHZXIXSTTDU-QXGSTGNESA-N,443.53,2.06,132.36,8,3,6,3,31,0,0.53
PFI-1,PFI-1,CHEMBL4789678,,Unknown,,False,False,False,0,-1.0,,,,Cl.O=C([C@@H](Cc1cccc(C(F)(F)F)c1)NS(=O)(=O)c1cc(F)c2c(c1)CCNC2)N1CCCC1,"InChI=1S/C23H25F4N3O3S.ClH/c24-20-13-18(12-16-6-7-28-14-19(16)20)34(32,33)29-21(22(31)30-8-1-2-9-30)11-15-4-3-5-17(10-15)23(25,26)27;/h3-5,10,12-13,21,28-29H,1-2,6-9,11,14H2;1H/t21-;/m1./s1",ZADKZNVAJGEFLC-ZMBIFBSDSA-N,535.99,3.00,78.51,4,2,6,2,34,0,0.60
PICTILISIB,PICTILISIB,CHEMBL521851,PICTILISIB,Small molecule,2.0,False,False,False,0,,,,,CS(=O)(=O)N1CCN(Cc2cc3nc(-c4cccc5[nH]ncc45)nc(N4CCOCC4)c3s2)CC1,"InChI=1S/C23H27N7O3S2/c1-35(31,32)30-7-5-28(6-8-30)15-16-13-20-21(34-16)23(29-9-11-33-12-10-29)26-22(25-20)17-3-2-4-19-18(17)14-24-27-19/h2-4,13-14H,5-12,15H2,1H3,(H,24,27)",LHNIIDJUOCFXAP-UHFFFAOYSA-N,513.65,2.15,107.55,9,1,5,4,35,1,0.43
PLX-4720,PLX-4720,CHEMBL1230020,PLX-4720,Small molecule,,False,False,False,0,-1.0,,,,CCCS(=O)(=O)Nc1ccc(F)c(C(=O)c2c[nH]c3ncc(Cl)cc23)c1F,"InChI=1S/C17H14ClF2N3O3S/c1-2-5-27(25,26)23-13-4-3-12(19)14(15(13)20)16(24)11-8-22-17-10(11)6-9(18)7-21-17/h3-4,6-8,23H,2,5H2,1H3,(H,21,22)",YZDJQTHVDDOVHR-UHFFFAOYSA-N,413.83,3.88,91.92,4,2,6,3,27,0,0.60
REFAMETINIB,REFAMETINIB,CHEMBL1236682,REFAMETINIB,Small molecule,2.0,False,False,False,0,,,,,COc1cc(F)c(F)c(Nc2ccc(I)cc2F)c1NS(=O)(=O)C1(C[C@H](O)CO)CC1,"InChI=1S/C19H20F3IN2O5S/c1-30-15-7-13(21)16(22)18(24-14-3-2-10(23)6-12(14)20)17(15)25-31(28,29)19(4-5-19)8-11(27)9-26/h2-3,6-7,11,24-27H,4-5,8-9H2,1H3/t11-/m0/s1",RDSACQWTXKSHJT-NSHDSACASA-N,572.34,3.48,107.89,6,4,9,2,31,1,0.34
RO-3306,RO-3306,CHEMBL5305651,,,,False,False,False,0,-1.0,,,,O=C1NC(=NCc2cccs2)SC1=Cc1ccc2ncccc2c1,"InChI=1S/C18H13N3OS2/c22-17-16(24-18(21-17)20-11-14-4-2-8-23-14)10-12-5-6-15-13(9-12)3-1-7-19-15/h1-10H,11H2,(H,20,21,22)",XOLMRFUGOINFDQ-UHFFFAOYSA-N,351.46,4.06,54.35,5,1,3,3,24,0,0.72
RUCAPARIB,RUCAPARIB,CHEMBL1173055,RUCAPARIB,Small molecule,4.0,True,False,False,0,1.0,2016.0,,,CNCc1ccc(-c2[nH]c3cc(F)cc4c3c2CCNC4=O)cc1,"InChI=1S/C19H18FN3O/c1-21-10-11-2-4-12(5-3-11)18-14-6-7-22-19(24)15-8-13(20)9-16(23-18)17(14)15/h2-5,8-9,21,23H,6-7,10H2,1H3,(H,22,24)",HMABYWSNWIZPAG-UHFFFAOYSA-N,323.37,2.98,56.92,2,3,3,3,24,0,0.69
SB216763,SB216763,CHEMBL102714,SB-216763,Small molecule,,False,False,False,0,-1.0,,,,Cn1cc(C2=C(c3ccc(Cl)cc3Cl)C(=O)NC2=O)c2ccccc21,"InChI=1S/C19H12Cl2N2O2/c1-23-9-13(11-4-2-3-5-15(11)23)17-16(18(24)22-19(17)25)12-7-6-10(20)8-14(12)21/h2-9H,1H3,(H,22,24,25)",JCSGFHVFHSKIJH-UHFFFAOYSA-N,371.22,4.05,51.10,3,1,2,3,25,0,0.69
SB590885,SB590885,CHEMBL477989,SB590885,Small molecule,,False,False,False,0,-1.0,,,,CN(C)CCOc1ccc(-c2nc(-c3ccncc3)c(-c3ccc4c(c3)CC/C4=N\O)[nH]2)cc1,"InChI=1S/C27H27N5O2/c1-32(2)15-16-34-22-7-3-19(4-8-22)27-29-25(18-11-13-28-14-12-18)26(30-27)21-5-9-23-20(17-21)6-10-24(23)31-33/h3-5,7-9,11-14,17,33H,6,10,15-16H2,1-2H3,(H,29,30)/b31-24+",MLSAQOINCGAULQ-QFMPWRQOSA-N,453.55,4.87,86.63,6,2,7,4,34,0,0.31
SELUMETINIB,SELUMETINIB,CHEMBL1614701,SELUMETINIB,Small molecule,4.0,True,False,False,0,1.0,2020.0,,,Cn1cnc2c(F)c(Nc3ccc(Br)cc3Cl)c(C(=O)NOCCO)cc21,"InChI=1S/C17H15BrClFN4O3/c1-24-8-21-16-13(24)7-10(17(26)23-27-5-4-25)15(14(16)20)22-12-3-2-9(18)6-11(12)19/h2-3,6-8,22,25H,4-5H2,1H3,(H,23,26)",CYOHGALHFOKKQC-UHFFFAOYSA-N,457.69,3.53,88.41,6,3,6,3,27,0,0.39
SERDEMETAN,SERDEMETAN,CHEMBL2137530,SERDEMETAN,Small molecule,2.0,False,False,False,0,,,,,c1ccc2c(CCNc3ccc(Nc4ccncc4)cc3)c[nH]c2c1,"InChI=1S/C21H20N4/c1-2-4-21-20(3-1)16(15-24-21)9-14-23-17-5-7-18(8-6-17)25-19-10-12-22-13-11-19/h1-8,10-13,15,23-24H,9,14H2,(H,22,25)",CEGSUKYESLWKJP-UHFFFAOYSA-N,328.42,4.96,52.74,3,3,6,4,25,0,0.47
SGC0946,SGC0946,CHEMBL5715246,,,,False,False,False,0,-1.0,,,,CC(C)N(CCCNC(=O)Nc1ccc(C(C)(C)C)cc1)C[C@H]1O[C@@H](n2cc(Br)c3c(N)ncnc32)[C@H](O)[C@@H]1O.Cl,"InChI=1S/C28H40BrN7O4.ClH/c1-16(2)35(12-6-11-31-27(39)34-18-9-7-17(8-10-18)28(3,4)5)14-20-22(37)23(38)26(40-20)36-13-19(29)21-24(30)32-15-33-25(21)36;/h7-10,13,15-16,20,22-23,26,37-38H,6,11-12,14H2,1-5H3,(H2,30,32,33)(H2,31,34,39);1H/t20-,22-,23-,26-;/m1./s1",CREBMQZPDVWTPT-DGUBOJIQSA-N,655.04,3.61,150.79,9,5,9,3,40,1,0.23
SN-38,7-Ethyl-10-hydroxycamptothecin,CHEMBL837,7-ETHYL-10-HYDROXYCAMPTOTHECIN,Small molecule,2.0,False,False,False,0,,,,,CCc1c2c(nc3ccc(O)cc13)-c1cc3c(c(=O)n1C2)COC(=O)[C@]3(O)CC,"InChI=1S/C22H20N2O5/c1-3-12-13-7-11(25)5-6-17(13)23-19-14(12)9-24-18(19)8-16-15(20(24)26)10-29-21(27)22(16,28)4-2/h5-8,25,28H,3-4,9-10H2,1-2H3/t22-/m0/s1",FJHBVJOVLFPMQE-QFIPXVFZSA-N,392.41,2.35,101.65,7,2,2,3,29,0,0.51
TALAZOPARIB,TALAZOPARIB,CHEMBL3137320,TALAZOPARIB,Small molecule,4.0,True,False,False,0,1.0,2018.0,,,Cn1ncnc1[C@H]1c2n[nH]c(=O)c3cc(F)cc(c23)N[C@@H]1c1ccc(F)cc1,"InChI=1S/C19H14F2N6O/c1-27-18(22-8-23-27)15-16(9-2-4-10(20)5-3-9)24-13-7-11(21)6-12-14(13)17(15)25-26-19(12)28/h2-8,15-16,24H,1H3,(H,26,28)/t15-,16-/m1/s1",HWGQMRYQVZSGDQ-HZPDHXFCSA-N,380.36,2.63,88.49,6,2,2,4,28,0,0.56
TAMOXIFEN,TAMOXIFEN,CHEMBL83,TAMOXIFEN,Small molecule,4.0,True,False,False,1,1.0,1977.0,,,CC/C(=C(\c1ccccc1)c1ccc(OCCN(C)C)cc1)c1ccccc1,"InChI=1S/C26H29NO/c1-4-25(21-11-7-5-8-12-21)26(22-13-9-6-10-14-22)23-15-17-24(18-16-23)28-20-19-27(2)3/h5-18H,4,19-20H2,1-3H3/b26-25-",NKANXQFJJICGDU-QPLCGJKRSA-N,371.52,6.00,12.47,2,0,8,3,28,1,0.45
TANESPIMYCIN,TANESPIMYCIN,CHEMBL109480,TANESPIMYCIN,Small molecule,3.0,False,False,False,0,,,,,C=CCNC1=C2C[C@@H](C)C[C@H](OC)[C@H](O)[C@@H](C)/C=C(\C)[C@H](OC(N)=O)[C@@H](OC)/C=C\C=C(/C)C(=O)NC(=CC1=O)C2=O,"InChI=1S/C31H43N3O8/c1-8-12-33-26-21-13-17(2)14-25(41-7)27(36)19(4)15-20(5)29(42-31(32)39)24(40-6)11-9-10-18(3)30(38)34-22(28(21)37)16-23(26)35/h8-11,15-17,19,24-25,27,29,33,36H,1,12-14H2,2-7H3,(H2,32,39)(H,34,38)/b11-9-,18-10+,20-15+/t17-,19+,24+,25+,27-,29+/m1/s1",AYUNIORJHRXIBJ-TXHRRWQRSA-N,585.70,2.54,166.28,9,4,6,0,42,1,0.27
TEMOZOLOMIDE,TEMOZOLOMIDE,CHEMBL810,TEMOZOLOMIDE,Small molecule,4.0,True,True,False,1,1.0,1999.0,,,Cn1nnc2c(C(N)=O)ncn2c1=O,"InChI=1S/C6H6N6O2/c1-11-6(14)12-2-8-3(4(7)13)5(12)9-10-11/h2H,1H3,(H2,7,13)",BPEGJWRSRHCHSN-UHFFFAOYSA-N,194.15,-2.08,108.17,7,1,1,2,14,0,0.56
TRAMETINIB,TRAMETINIB,CHEMBL2103875,TRAMETINIB,Small molecule,4.0,False,False,False,0,-1.0,2013.0,,,CC(=O)Nc1cccc(-n2c(=O)n(C3CC3)c(=O)c3c(Nc4ccc(I)cc4F)n(C)c(=O)c(C)c32)c1,"InChI=1S/C26H23FIN5O4/c1-13-22-21(23(31(3)24(13)35)30-20-10-7-15(28)11-19(20)27)25(36)33(17-8-9-17)26(37)32(22)18-6-4-5-16(12-18)29-14(2)34/h4-7,10-12,17,30H,8-9H2,1-3H3,(H,29,34)",LIRYPHYGHXZJBZ-UHFFFAOYSA-N,615.40,3.94,107.13,8,2,5,4,37,1,0.33
VELIPARIB,VELIPARIB,CHEMBL506871,VELIPARIB,Small molecule,3.0,False,False,False,0,,,,,C[C@]1(c2nc3c(C(N)=O)cccc3[nH]2)CCCN1,"InChI=1S/C13H16N4O/c1-13(6-3-7-15-13)12-16-9-5-2-4-8(11(14)18)10(9)17-12/h2,4-5,15H,3,6-7H2,1H3,(H2,14,18)(H,16,17)/t13-/m1/s1",JNAHVYVRKWKWKQ-CYBMUJFWSA-N,244.30,1.26,83.80,3,3,2,2,18,0,0.74
VISMODEGIB,VISMODEGIB,CHEMBL473417,VISMODEGIB,Small molecule,4.0,True,False,False,1,1.0,2012.0,,,CS(=O)(=O)c1ccc(C(=O)Nc2ccc(Cl)c(-c3ccccn3)c2)c(Cl)c1,"InChI=1S/C19H14Cl2N2O3S/c1-27(25,26)13-6-7-14(17(21)11-13)19(24)23-12-5-8-16(20)15(10-12)18-4-2-3-9-22-18/h2-11H,1H3,(H,23,24)",BPQMGSKTAYIVFO-UHFFFAOYSA-N,421.31,4.71,76.13,4,1,4,3,27,0,0.66
VORINOSTAT,VORINOSTAT,CHEMBL98,VORINOSTAT,Small molecule,4.0,True,False,False,0,1.0,2006.0,,,O=C(CCCCCCC(=O)Nc1ccccc1)NO,"InChI=1S/C14H20N2O3/c17-13(15-12-8-4-3-5-9-12)10-6-1-2-7-11-14(18)16-19/h3-5,8-9,19H,1-2,6-7,10-11H2,(H,15,17)(H,16,18)",WAEXFXRVDQXREF-UHFFFAOYSA-N,264.32,2.47,78.43,3,3,8,1,19,0,0.38
WEE1 INHIBITOR,Wee1 inhibitor II,CHEMBL5724727,,,,False,False,False,0,-1.0,,,,CC(=O)N[C@@H](Cc1ccc(O)cc1)C(=O)N[C@H](C(=O)N[C@@H](C)C(=O)N[C@@H](CC(=O)O)C(=O)CCl)C(C)C,"InChI=1S/C24H33ClN4O8/c1-12(2)21(24(37)26-13(3)22(35)28-17(10-20(33)34)19(32)11-25)29-23(36)18(27-14(4)30)9-15-5-7-16(31)8-6-15/h5-8,12-13,17-18,21,31H,9-11H2,1-4H3,(H,26,37)(H,27,30)(H,28,35)(H,29,36)(H,33,34)/t13-,17-,18-,21-/m0/s1",UOUBHJRCKHLGFB-DGJUNBOTSA-N,541.00,-0.15,191.00,7,6,14,1,37,2,0.18
YK-4-279,YK-4-279,CHEMBL2011500,,Small molecule,,False,False,False,0,-1.0,,,,COc1ccc(C(=O)CC2(O)C(=O)Nc3c(Cl)ccc(Cl)c32)cc1,"InChI=1S/C17H13Cl2NO4/c1-24-10-4-2-9(3-5-10)13(21)8-17(23)14-11(18)6-7-12(19)15(14)20-16(17)22/h2-7,23H,8H2,1H3,(H,20,22)",HLXSCTYHLQHQDJ-UHFFFAOYSA-N,366.20,3.41,75.63,4,2,4,2,24,0,0.81
ZM447439,ZM447439,CHEMBL202721,,Small molecule,,False,False,False,0,-1.0,,,,COc1cc2c(Nc3ccc(NC(=O)c4ccccc4)cc3)ncnc2cc1OCCCN1CCOCC1,"InChI=1S/C29H31N5O4/c1-36-26-18-24-25(19-27(26)38-15-5-12-34-13-16-37-17-14-34)30-20-31-28(24)32-22-8-10-23(11-9-22)33-29(35)21-6-3-2-4-7-21/h2-4,6-11,18-20H,5,12-17H2,1H3,(H,33,35)(H,30,31,32)",OGNYUTNQZVRGMN-UHFFFAOYSA-N,513.60,4.74,97.84,8,2,10,4,38,1,0.29
