std,Y,n,tissue
697,-2.325587,3,LYMPH
A3KAW,-1.891792,3,LYMPH
A4FUK,-2.388882,3,LYMPH
A549,-0.1273055,4,LUNG
ABC1,-0.16224593360539402,4,LUNG
ALLSIL,-1.82543,3,LYMPH
AMO1,-1.252849,3,LYMPH
BEN,1.0605855,4,LUNG
BL41,-2.598511,3,LYMPH
BV173,-2.203557,3,LYMPH
CA46,0.362209,3,LYMPH
CAL12T,-0.663185,3,LUNG
CALU3,1.997559,3,LUNG
CALU6,-0.17445202856258016,4,LUNG
CHAGOK1,0.7022,3,LUNG
CMK,-0.9871765,2,LYMPH
CMLT1,-2.097275,3,LYMPH
COLO668,0.2616297670062985,4,LUNG
CORL105,0.3001917518890905,4,LUNG
CORL23,-0.9286245,4,LUNG
CORL279,-0.02459,3,LUNG
CORL311,0.789939,1,LUNG
CORL88,0.167508,3,LUNG
CORL95,1.269585,2,LUNG
DAUDI,-0.921247,3,LYMPH
DB,0.312131,3,LYMPH
DMS114,1.358786,3,LUNG
DMS273,0.04295497972273705,4,LUNG
DMS53,2.674165,3,LUNG
DMS79,1.200042,3,LUNG
DND41,-1.970254,3,LYMPH
DOHH2,-2.015196,2,LYMPH
EBC1,1.120971,4,LUNG
EHEB,0.6107095,2,LYMPH
EJM,-1.585132,3,LYMPH
EM2,-2.143894,3,LYMPH
EPLC272H,-1.974506,3,LUNG
GA10,-2.238074,3,LYMPH
GDM1,-3.693323,3,LYMPH
GRANTA519,-0.658382,3,LYMPH
HARA,-2.3105935,4,LUNG
HCC15,0.904186,4,LUNG
HCC33,-0.995314,1,LUNG
HCC366,0.7503520830264825,4,LUNG
HCC44,0.069264,4,LUNG
HCC78,-0.434869,4,LUNG
HCC827,-0.4816285,4,LUNG
HDLM2,0.110167,3,LYMPH
HEL,-1.451111,3,LYMPH
HH,-0.383486,3,LYMPH
HL60,-0.110079,3,LYMPH
HT,-0.806357,3,LYMPH
IALM,1.1114405,4,LUNG
JEKO1,-3.358135,3,LYMPH
JM1,-1.769924,3,LYMPH
JURKAT,-1.166584,3,LYMPH
JURLMK1,-2.963195,2,LYMPH
JVM2,-2.335457,3,LYMPH
JVM3,-2.201729,3,LYMPH
K562,-0.882195,3,LYMPH
KARPAS422,-1.03218,3,LYMPH
KCL22,-1.923032,3,LYMPH
KG1,-0.033386,3,LYMPH
KMH2,-0.069697,6,LYMPH
KMS11,-1.21802,3,LYMPH
KMS12BM,-1.7175189999999998,2,LYMPH
KNS62,0.084494590513866,4,LUNG
KOPN8,-1.674856,3,LYMPH
KU812,-2.099844,3,LYMPH
L1236,-1.020179,3,LYMPH
L363,-2.292671,3,LYMPH
L428,-0.605396,3,LYMPH
L540,-1.800716,3,LYMPH
LAMA84,-1.991655,3,LYMPH
LCLC103H,0.3800985,4,LUNG
LCLC97TM1,-1.058854,3,LUNG
LOUCY,-1.584376,3,LYMPH
LOUNH91,-0.900261,4,LUNG
LP1,2.670421,3,LYMPH
LU65,2.165774,3,LUNG
LXF289,-0.210951,4,LUNG
ME1,1.266903,3,LYMPH
MEG01,-2.181415,3,LYMPH
MHHCALL2,-2.031676,3,LYMPH
MM1S,-0.7805815,2,LYMPH
MOLM13,-5.885914,3,LYMPH
MOLM16,-1.853786,3,LYMPH
MOLP8,-1.169328,3,LYMPH
MOLT13,-1.076035,3,LYMPH
MOLT16,-2.076029,3,LYMPH
MONOMAC6,-4.958409,3,LYMPH
NALM6,-1.44478,3,LYMPH
NAMALWA,-2.007441,3,LYMPH
NB4,-2.78939,3,LYMPH
NCIH1048,0.079178496650148,4,LUNG
NCIH1092,2.523177,3,LUNG
NCIH1105,1.731855,3,LUNG
NCIH1155,-0.43195,3,LUNG
NCIH1341,-1.298485,3,LUNG
NCIH1435,1.6440635000000001,4,LUNG
NCIH1436,0.085826,3,LUNG
NCIH1437,0.2085458747748005,4,LUNG
NCIH146,0.732449,3,LUNG
NCIH1568,-0.271364,4,LUNG
NCIH1623,0.4448375,4,LUNG
NCIH1648,0.20794381509958199,4,LUNG
NCIH1650,-0.045037833884926645,4,LUNG
NCIH1651,0.0164248410054716,4,LUNG
NCIH1781,-0.02642,3,LUNG
NCIH1792,-0.1908381356932672,4,LUNG
NCIH1793,0.553328,4,LUNG
NCIH1836,2.129398,3,LUNG
NCIH1876,-1.198288,3,LUNG
NCIH1915,0.5548091505441685,4,LUNG
NCIH1944,-0.40057724297278263,4,LUNG
NCIH196,0.581218,3,LUNG
NCIH1963,-0.153178,2,LUNG
NCIH1975,-0.06693550000000001,4,LUNG
NCIH2009,0.09466941898378199,4,LUNG
NCIH2023,-1.171611,3,LUNG
NCIH2029,2.465535,3,LUNG
NCIH2030,0.0180871292892055,4,LUNG
NCIH2066,2.014117,3,LUNG
NCIH2081,1.350523,3,LUNG
NCIH2085,0.19926,3,LUNG
NCIH2087,0.952612,4,LUNG
NCIH209,-0.671909,3,LUNG
NCIH211,-0.586609,3,LUNG
NCIH2110,-0.999201,4,LUNG
NCIH2122,-1.821976,3,LUNG
NCIH2170,-0.19930831450631248,4,LUNG
NCIH2171,0.152372,1,LUNG
NCIH2172,1.27617,3,LUNG
NCIH2196,-0.532732,1,LUNG
NCIH2227,0.370802,3,LUNG
NCIH2228,0.2920129645604545,4,LUNG
NCIH2291,1.715802,3,LUNG
NCIH23,-0.290596,4,LUNG
NCIH2342,1.146086,3,LUNG
NCIH2347,0.317053605378518,4,LUNG
NCIH2405,2.124347,3,LUNG
NCIH2444,0.8690288419339376,4,LUNG
NCIH292,0.147078,4,LUNG
NCIH358,-0.0587545,4,LUNG
NCIH441,1.646397,3,LUNG
NCIH446,-0.0076384999999999995,4,LUNG
NCIH460,-0.2564895,4,LUNG
NCIH522,1.923909,3,LUNG
NCIH524,-0.472111,3,LUNG
NCIH526,0.920633,3,LUNG
NCIH596,0.913067,3,LUNG
NCIH647,-1.480176,3,LUNG
NCIH650,0.43835500000000005,4,LUNG
NCIH661,-0.43529410049109174,4,LUNG
NCIH69,0.849917,3,LUNG
NCIH727,-0.30540249999999997,4,LUNG
NCIH810,-0.078567,3,LUNG
NCIH82,0.280035,3,LUNG
NCIH838,-1.0030675,4,LUNG
NCIH841,0.3300822715691615,4,LUNG
NCIH929,-0.456205,3,LYMPH
NOMO1,-1.852169,3,LYMPH
NUDUL1,-3.121007,3,LYMPH
OCIAML2,-1.33383,3,LYMPH
OCIAML3,-0.653261,3,LYMPH
OCIAML5,-2.115663,2,LYMPH
OCILY19,-1.48713,3,LYMPH
OCIM1,-1.376476,3,LYMPH
OPM2,-0.518776,3,LYMPH
P12ICHIKAWA,-1.520915,3,LYMPH
P31FUJ,-2.20746,3,LYMPH
PF382,-0.947626,3,LYMPH
PL21,-2.234235,3,LYMPH
RAJI,-1.477775,3,LYMPH
RCHACV,-2.527213,3,LYMPH
REH,-0.574461,3,LYMPH
RERFLCKJ,0.562889366187324,4,LUNG
RERFLCMS,-0.481556,4,LUNG
RL,0.224494,3,LYMPH
RPMI8226,-1.447773,3,LYMPH
RPMI8402,-1.98508,3,LYMPH
RS411,-0.98001,3,LYMPH
SBC5,0.077177075987569,4,LUNG
SHP77,1.556847,3,LUNG
SIGM5,-1.922785,1,LYMPH
SKLU1,-0.5714398723770963,4,LUNG
SKM1,-1.928545,3,LYMPH
SKMES1,-0.01299168949442925,4,LUNG
SKMM2,1.405801,3,LYMPH
ST486,-1.080645,3,LYMPH
SUDHL1,-0.831202,1,LYMPH
SUDHL10,-0.48174550000000005,2,LYMPH
SUDHL4,-1.038372,3,LYMPH
SUDHL5,-3.553442,3,LYMPH
SUDHL6,-3.090018,3,LYMPH
SUDHL8,-1.0073275000000002,2,LYMPH
SUPB15,-0.834664,2,LYMPH
SUPM2,-2.561274,3,LYMPH
SUPT1,-1.083793,3,LYMPH
SW1271,0.0557500089814515,4,LUNG
SW1573,0.2412165,4,LUNG
THP1,-0.875345,3,LYMPH
WSUDLCL2,-1.239181,3,LYMPH
