source,field,token,feature,odds_ratio,pvalue,n_worsen,n_with_token,n_total,fdr_bh,minus_log10_p,minus_log10_fdr
raw_token,raw_token,GLYCOGEN SYNTHASE KINASE-3 BETA,rawtok_GLYCOGEN_SYNTHASE_KINASE_3_BETA,9.23076923076923,0.06273258904837853,3,4,57,1.0,1.2025067882442535,-0.0
raw_token,raw_token,"3',5'-CYCLIC-AMP PHOSPHODIESTERASE 4A",rawtok_3_5_CYCLIC_AMP_PHOSPHODIESTERASE_4A,inf,0.07518796992481205,2,2,57,1.0,1.1238516409670856,-0.0
raw_token,raw_token,MITOSIS,rawtok_MITOSIS,inf,0.07518796992481205,2,2,57,1.0,1.1238516409670856,-0.0
raw_token,raw_token,PAIRED BOX PROTEIN PAX-8,rawtok_PAIRED_BOX_PROTEIN_PAX_8,inf,0.07518796992481205,2,2,57,1.0,1.1238516409670856,-0.0
raw_token,raw_token,TUMOR NECROSIS FACTOR,rawtok_TUMOR_NECROSIS_FACTOR,inf,0.07518796992481205,2,2,57,1.0,1.1238516409670856,-0.0
raw_token,raw_token,BROMODOMAIN-CONTAINING PROTEIN 4,rawtok_BROMODOMAIN_CONTAINING_PROTEIN_4,5.714285714285714,0.1872863978127136,2,3,57,1.0,0.7274937633049229,-0.0
raw_token,raw_token,CALCIUM/CALMODULIN-DEPENDENT PROTEIN KINASE TYPE II SUBUNIT BETA,rawtok_CALCIUM_CALMODULIN_DEPENDENT_PROTEIN_KINASE_TYPE_II_SUBUNIT_BETA,5.714285714285714,0.1872863978127136,2,3,57,1.0,0.7274937633049229,-0.0
raw_token,raw_token,CYCLIN-DEPENDENT KINASE 5,rawtok_CYCLIN_DEPENDENT_KINASE_5,5.714285714285714,0.1872863978127136,2,3,57,1.0,0.7274937633049229,-0.0
raw_token,raw_token,CYTOCHROME P450 3A4,rawtok_CYTOCHROME_P450_3A4,2.923076923076923,0.21078711644749382,3,6,57,1.0,0.6761559372296595,-0.0
raw_token,raw_token,"3',5'-CYCLIC-AMP PHOSPHODIESTERASE 4D",rawtok_3_5_CYCLIC_AMP_PHOSPHODIESTERASE_4D,2.7857142857142856,0.3118402065770487,2,4,57,1.0,0.5060678905300626,-0.0
raw_token,raw_token,BDNF/NT-3 GROWTH FACTORS RECEPTOR,rawtok_BDNF_NT_3_GROWTH_FACTORS_RECEPTOR,2.7857142857142856,0.3118402065770487,2,4,57,1.0,0.5060678905300626,-0.0
raw_token,raw_token,DNA REPLICATION,rawtok_DNA_REPLICATION,2.7857142857142856,0.3118402065770487,2,4,57,1.0,0.5060678905300626,-0.0
raw_token,raw_token,MU-TYPE OPIOID RECEPTOR,rawtok_MU_TYPE_OPIOID_RECEPTOR,2.7857142857142856,0.3118402065770487,2,4,57,1.0,0.5060678905300626,-0.0
raw_token,raw_token,RHO-ASSOCIATED PROTEIN KINASE 2,rawtok_RHO_ASSOCIATED_PROTEIN_KINASE_2,2.7857142857142856,0.3118402065770487,2,4,57,1.0,0.5060678905300626,-0.0
raw_token,raw_token,TYROSINE-PROTEIN KINASE RECEPTOR TYRO3,rawtok_TYROSINE_PROTEIN_KINASE_RECEPTOR_TYRO3,2.7857142857142856,0.3118402065770487,2,4,57,1.0,0.5060678905300626,-0.0
raw_token,raw_token,DUAL SPECIFICITY PROTEIN KINASE TTK,rawtok_DUAL_SPECIFICITY_PROTEIN_KINASE_TTK,1.8095238095238095,0.43404394347790565,2,5,57,1.0,0.36246629941867475,-0.0
raw_token,raw_token,HISTONE DEACETYLASE 6,rawtok_HISTONE_DEACETYLASE_6,1.8095238095238095,0.43404394347790565,2,5,57,1.0,0.36246629941867475,-0.0
raw_token,raw_token,MITOGEN-ACTIVATED PROTEIN KINASE 8,rawtok_MITOGEN_ACTIVATED_PROTEIN_KINASE_8,1.8095238095238095,0.43404394347790565,2,5,57,1.0,0.36246629941867475,-0.0
raw_token,raw_token,"PHOSPHATIDYLINOSITOL 4,5-BISPHOSPHATE 3-KINASE CATALYTIC SUBUNIT ALPHA ISOFORM",rawtok_PHOSPHATIDYLINOSITOL_4_5_BISPHOSPHATE_3_KINASE_CATALYTIC_SUBUNIT_ALPHA_I,1.8095238095238095,0.43404394347790565,2,5,57,1.0,0.36246629941867475,-0.0
raw_token,raw_token,"PHOSPHATIDYLINOSITOL 4,5-BISPHOSPHATE 3-KINASE CATALYTIC SUBUNIT BETA ISOFORM",rawtok_PHOSPHATIDYLINOSITOL_4_5_BISPHOSPHATE_3_KINASE_CATALYTIC_SUBUNIT_BETA_IS,1.8095238095238095,0.43404394347790565,2,5,57,1.0,0.36246629941867475,-0.0
raw_token,raw_token,SODIUM-DEPENDENT NORADRENALINE TRANSPORTER,rawtok_SODIUM_DEPENDENT_NORADRENALINE_TRANSPORTER,1.8095238095238095,0.43404394347790565,2,5,57,1.0,0.36246629941867475,-0.0
raw_token,raw_token,5-HYDROXYTRYPTAMINE RECEPTOR 1A,rawtok_5_HYDROXYTRYPTAMINE_RECEPTOR_1A,2.6666666666666665,0.486215538847118,1,2,57,1.0,0.313171165756522,-0.0
raw_token,raw_token,5-HYDROXYTRYPTAMINE RECEPTOR 2B,rawtok_5_HYDROXYTRYPTAMINE_RECEPTOR_2B,2.6666666666666665,0.486215538847118,1,2,57,1.0,0.313171165756522,-0.0
raw_token,raw_token,ACETYLCHOLINESTERASE,rawtok_ACETYLCHOLINESTERASE,2.6666666666666665,0.486215538847118,1,2,57,1.0,0.313171165756522,-0.0
raw_token,raw_token,ACTIVIN RECEPTOR TYPE-1B,rawtok_ACTIVIN_RECEPTOR_TYPE_1B,2.6666666666666665,0.486215538847118,1,2,57,1.0,0.313171165756522,-0.0
raw_token,raw_token,BCL2,rawtok_BCL2,2.6666666666666665,0.486215538847118,1,2,57,1.0,0.313171165756522,-0.0
raw_token,raw_token,BRD4,rawtok_BRD4,2.6666666666666665,0.486215538847118,1,2,57,1.0,0.313171165756522,-0.0
raw_token,raw_token,CAMP-DEPENDENT PROTEIN KINASE CATALYTIC SUBUNIT PRKX,rawtok_CAMP_DEPENDENT_PROTEIN_KINASE_CATALYTIC_SUBUNIT_PRKX,2.6666666666666665,0.486215538847118,1,2,57,1.0,0.313171165756522,-0.0
raw_token,raw_token,CASEIN KINASE II SUBUNIT ALPHA,rawtok_CASEIN_KINASE_II_SUBUNIT_ALPHA,2.6666666666666665,0.486215538847118,1,2,57,1.0,0.313171165756522,-0.0
raw_token,raw_token,CHROMATIN OTHER,rawtok_CHROMATIN_OTHER,2.6666666666666665,0.486215538847118,1,2,57,1.0,0.313171165756522,-0.0
raw_token,raw_token,CYCLIN-DEPENDENT KINASE 1,rawtok_CYCLIN_DEPENDENT_KINASE_1,2.6666666666666665,0.486215538847118,1,2,57,1.0,0.313171165756522,-0.0
raw_token,raw_token,CYCLIN-DEPENDENT KINASE 13,rawtok_CYCLIN_DEPENDENT_KINASE_13,2.6666666666666665,0.486215538847118,1,2,57,1.0,0.313171165756522,-0.0
raw_token,raw_token,CYCLIN-DEPENDENT KINASE 17,rawtok_CYCLIN_DEPENDENT_KINASE_17,2.6666666666666665,0.486215538847118,1,2,57,1.0,0.313171165756522,-0.0
raw_token,raw_token,CYCLIN-DEPENDENT KINASE 19,rawtok_CYCLIN_DEPENDENT_KINASE_19,2.6666666666666665,0.486215538847118,1,2,57,1.0,0.313171165756522,-0.0
raw_token,raw_token,CYCLIN-DEPENDENT KINASE 2,rawtok_CYCLIN_DEPENDENT_KINASE_2,2.6666666666666665,0.486215538847118,1,2,57,1.0,0.313171165756522,-0.0
raw_token,raw_token,CYCLIN-DEPENDENT KINASE 4,rawtok_CYCLIN_DEPENDENT_KINASE_4,2.6666666666666665,0.486215538847118,1,2,57,1.0,0.313171165756522,-0.0
raw_token,raw_token,CYCLIN-DEPENDENT KINASE 6,rawtok_CYCLIN_DEPENDENT_KINASE_6,2.6666666666666665,0.486215538847118,1,2,57,1.0,0.313171165756522,-0.0
raw_token,raw_token,CYCLIN-DEPENDENT KINASE 9,rawtok_CYCLIN_DEPENDENT_KINASE_9,2.6666666666666665,0.486215538847118,1,2,57,1.0,0.313171165756522,-0.0
raw_token,raw_token,DELTA-TYPE OPIOID RECEPTOR,rawtok_DELTA_TYPE_OPIOID_RECEPTOR,2.6666666666666665,0.486215538847118,1,2,57,1.0,0.313171165756522,-0.0
raw_token,raw_token,EPHRIN TYPE-A RECEPTOR 7,rawtok_EPHRIN_TYPE_A_RECEPTOR_7,2.6666666666666665,0.486215538847118,1,2,57,1.0,0.313171165756522,-0.0
raw_token,raw_token,EPHRIN TYPE-B RECEPTOR 3,rawtok_EPHRIN_TYPE_B_RECEPTOR_3,2.6666666666666665,0.486215538847118,1,2,57,1.0,0.313171165756522,-0.0
raw_token,raw_token,GLYCOGEN SYNTHASE KINASE-3 ALPHA,rawtok_GLYCOGEN_SYNTHASE_KINASE_3_ALPHA,2.6666666666666665,0.486215538847118,1,2,57,1.0,0.313171165756522,-0.0
raw_token,raw_token,MITOGEN-ACTIVATED PROTEIN KINASE 1,rawtok_MITOGEN_ACTIVATED_PROTEIN_KINASE_1,2.6666666666666665,0.486215538847118,1,2,57,1.0,0.313171165756522,-0.0
raw_token,raw_token,MITOGEN-ACTIVATED PROTEIN KINASE 11,rawtok_MITOGEN_ACTIVATED_PROTEIN_KINASE_11,2.6666666666666665,0.486215538847118,1,2,57,1.0,0.313171165756522,-0.0
raw_token,raw_token,MITOGEN-ACTIVATED PROTEIN KINASE 12,rawtok_MITOGEN_ACTIVATED_PROTEIN_KINASE_12,2.6666666666666665,0.486215538847118,1,2,57,1.0,0.313171165756522,-0.0
raw_token,raw_token,MITOGEN-ACTIVATED PROTEIN KINASE 13,rawtok_MITOGEN_ACTIVATED_PROTEIN_KINASE_13,2.6666666666666665,0.486215538847118,1,2,57,1.0,0.313171165756522,-0.0
raw_token,raw_token,MITOGEN-ACTIVATED PROTEIN KINASE 15,rawtok_MITOGEN_ACTIVATED_PROTEIN_KINASE_15,2.6666666666666665,0.486215538847118,1,2,57,1.0,0.313171165756522,-0.0
raw_token,raw_token,MUSCARINIC ACETYLCHOLINE RECEPTOR M1,rawtok_MUSCARINIC_ACETYLCHOLINE_RECEPTOR_M1,2.6666666666666665,0.486215538847118,1,2,57,1.0,0.313171165756522,-0.0
raw_token,raw_token,MUSCARINIC ACETYLCHOLINE RECEPTOR M3,rawtok_MUSCARINIC_ACETYLCHOLINE_RECEPTOR_M3,2.6666666666666665,0.486215538847118,1,2,57,1.0,0.313171165756522,-0.0
raw_token,raw_token,"MUSCLE, SKELETAL RECEPTOR TYROSINE-PROTEIN KINASE",rawtok_MUSCLE_SKELETAL_RECEPTOR_TYROSINE_PROTEIN_KINASE,2.6666666666666665,0.486215538847118,1,2,57,1.0,0.313171165756522,-0.0
raw_token,raw_token,PHOSPHATIDYLINOSITOL 5-PHOSPHATE 4-KINASE TYPE-2 GAMMA,rawtok_PHOSPHATIDYLINOSITOL_5_PHOSPHATE_4_KINASE_TYPE_2_GAMMA,2.6666666666666665,0.486215538847118,1,2,57,1.0,0.313171165756522,-0.0
raw_token,raw_token,PROTEIN STABILITY AND DEGRADATION,rawtok_PROTEIN_STABILITY_AND_DEGRADATION,2.6666666666666665,0.486215538847118,1,2,57,1.0,0.313171165756522,-0.0
raw_token,raw_token,RIBOSOMAL PROTEIN S6 KINASE ALPHA-1,rawtok_RIBOSOMAL_PROTEIN_S6_KINASE_ALPHA_1,2.6666666666666665,0.486215538847118,1,2,57,1.0,0.313171165756522,-0.0
raw_token,raw_token,SERINE/THREONINE-PROTEIN KINASE/ENDORIBONUCLEASE IRE2,rawtok_SERINE_THREONINE_PROTEIN_KINASE_ENDORIBONUCLEASE_IRE2,2.6666666666666665,0.486215538847118,1,2,57,1.0,0.313171165756522,-0.0
raw_token,raw_token,SERINE/THREONINE-PROTEIN KINASE MRCK ALPHA,rawtok_SERINE_THREONINE_PROTEIN_KINASE_MRCK_ALPHA,2.6666666666666665,0.486215538847118,1,2,57,1.0,0.313171165756522,-0.0
raw_token,raw_token,SERINE/THREONINE-PROTEIN KINASE MRCK GAMMA,rawtok_SERINE_THREONINE_PROTEIN_KINASE_MRCK_GAMMA,2.6666666666666665,0.486215538847118,1,2,57,1.0,0.313171165756522,-0.0
raw_token,raw_token,SUBSTANCE-K RECEPTOR,rawtok_SUBSTANCE_K_RECEPTOR,2.6666666666666665,0.486215538847118,1,2,57,1.0,0.313171165756522,-0.0
raw_token,raw_token,LEUKOCYTE TYROSINE KINASE RECEPTOR,rawtok_LEUKOCYTE_TYROSINE_KINASE_RECEPTOR,1.3214285714285714,0.5456723569931117,2,6,57,1.0,0.26306804641739134,-0.0
raw_token,raw_token,MITOGEN-ACTIVATED PROTEIN KINASE 9,rawtok_MITOGEN_ACTIVATED_PROTEIN_KINASE_9,1.3214285714285714,0.5456723569931117,2,6,57,1.0,0.26306804641739134,-0.0
raw_token,raw_token,SERINE/THREONINE-PROTEIN KINASE D2,rawtok_SERINE_THREONINE_PROTEIN_KINASE_D2,1.3214285714285714,0.5456723569931117,2,6,57,1.0,0.26306804641739134,-0.0
raw_token,raw_token,EPIDERMAL GROWTH FACTOR RECEPTOR,rawtok_EPIDERMAL_GROWTH_FACTOR_RECEPTOR,1.0333333333333334,0.6056609776331209,4,14,57,1.0,0.21777040676354906,-0.0
raw_token,raw_token,ALPHA-2A ADRENERGIC RECEPTOR,rawtok_ALPHA_2A_ADRENERGIC_RECEPTOR,1.3,0.6356801093643198,1,3,57,1.0,0.19676137757137574,-0.0
raw_token,raw_token,CALCIUM/CALMODULIN-DEPENDENT PROTEIN KINASE TYPE II SUBUNIT DELTA,rawtok_CALCIUM_CALMODULIN_DEPENDENT_PROTEIN_KINASE_TYPE_II_SUBUNIT_DELTA,1.3,0.6356801093643198,1,3,57,1.0,0.19676137757137574,-0.0
raw_token,raw_token,CYCLIN-DEPENDENT KINASE 8,rawtok_CYCLIN_DEPENDENT_KINASE_8,1.3,0.6356801093643198,1,3,57,1.0,0.19676137757137574,-0.0
raw_token,raw_token,CYTOCHROME P450 1A2,rawtok_CYTOCHROME_P450_1A2,1.3,0.6356801093643198,1,3,57,1.0,0.19676137757137574,-0.0
raw_token,raw_token,CYTOCHROME P450 2C9,rawtok_CYTOCHROME_P450_2C9,1.3,0.6356801093643198,1,3,57,1.0,0.19676137757137574,-0.0
raw_token,raw_token,D(3) DOPAMINE RECEPTOR,rawtok_D_3_DOPAMINE_RECEPTOR,1.3,0.6356801093643198,1,3,57,1.0,0.19676137757137574,-0.0
raw_token,raw_token,EPHRIN TYPE-A RECEPTOR 2,rawtok_EPHRIN_TYPE_A_RECEPTOR_2,1.3,0.6356801093643198,1,3,57,1.0,0.19676137757137574,-0.0
raw_token,raw_token,EPHRIN TYPE-A RECEPTOR 4,rawtok_EPHRIN_TYPE_A_RECEPTOR_4,1.3,0.6356801093643198,1,3,57,1.0,0.19676137757137574,-0.0
raw_token,raw_token,EPHRIN TYPE-A RECEPTOR 8,rawtok_EPHRIN_TYPE_A_RECEPTOR_8,1.3,0.6356801093643198,1,3,57,1.0,0.19676137757137574,-0.0
raw_token,raw_token,EPHRIN TYPE-B RECEPTOR 2,rawtok_EPHRIN_TYPE_B_RECEPTOR_2,1.3,0.6356801093643198,1,3,57,1.0,0.19676137757137574,-0.0
raw_token,raw_token,EQUILIBRATIVE NUCLEOSIDE TRANSPORTER 1,rawtok_EQUILIBRATIVE_NUCLEOSIDE_TRANSPORTER_1,1.3,0.6356801093643198,1,3,57,1.0,0.19676137757137574,-0.0
raw_token,raw_token,HISTAMINE H3 RECEPTOR,rawtok_HISTAMINE_H3_RECEPTOR,1.3,0.6356801093643198,1,3,57,1.0,0.19676137757137574,-0.0
raw_token,raw_token,KAPPA-TYPE OPIOID RECEPTOR,rawtok_KAPPA_TYPE_OPIOID_RECEPTOR,1.3,0.6356801093643198,1,3,57,1.0,0.19676137757137574,-0.0
raw_token,raw_token,MITOGEN-ACTIVATED PROTEIN KINASE 14,rawtok_MITOGEN_ACTIVATED_PROTEIN_KINASE_14,1.3,0.6356801093643198,1,3,57,1.0,0.19676137757137574,-0.0
raw_token,raw_token,NT-3 GROWTH FACTOR RECEPTOR,rawtok_NT_3_GROWTH_FACTOR_RECEPTOR,1.3,0.6356801093643198,1,3,57,1.0,0.19676137757137574,-0.0
raw_token,raw_token,SERINE-PROTEIN KINASE ATM,rawtok_SERINE_PROTEIN_KINASE_ATM,1.3,0.6356801093643198,1,3,57,1.0,0.19676137757137574,-0.0
raw_token,raw_token,SERINE/THREONINE-PROTEIN KINASE MRCK BETA,rawtok_SERINE_THREONINE_PROTEIN_KINASE_MRCK_BETA,1.3,0.6356801093643198,1,3,57,1.0,0.19676137757137574,-0.0
raw_token,raw_token,SERINE/THREONINE-PROTEIN KINASE PLK1,rawtok_SERINE_THREONINE_PROTEIN_KINASE_PLK1,1.3,0.6356801093643198,1,3,57,1.0,0.19676137757137574,-0.0
raw_token,raw_token,SERINE/THREONINE-PROTEIN KINASE TAO1,rawtok_SERINE_THREONINE_PROTEIN_KINASE_TAO1,1.3,0.6356801093643198,1,3,57,1.0,0.19676137757137574,-0.0
raw_token,raw_token,SERINE/THREONINE-PROTEIN KINASE TAO2,rawtok_SERINE_THREONINE_PROTEIN_KINASE_TAO2,1.3,0.6356801093643198,1,3,57,1.0,0.19676137757137574,-0.0
raw_token,raw_token,SERINE/THREONINE-PROTEIN KINASE TAO3,rawtok_SERINE_THREONINE_PROTEIN_KINASE_TAO3,1.3,0.6356801093643198,1,3,57,1.0,0.19676137757137574,-0.0
raw_token,raw_token,PLATELET-DERIVED GROWTH FACTOR RECEPTOR ALPHA,rawtok_PLATELET_DERIVED_GROWTH_FACTOR_RECEPTOR_ALPHA,1.0285714285714285,0.6428547405239969,2,7,57,1.0,0.19188714918421287,-0.0
raw_token,raw_token,SODIUM-DEPENDENT DOPAMINE TRANSPORTER,rawtok_SODIUM_DEPENDENT_DOPAMINE_TRANSPORTER,1.0285714285714285,0.6428547405239969,2,7,57,1.0,0.19188714918421287,-0.0
raw_token,raw_token,PROTO-ONCOGENE TYROSINE-PROTEIN KINASE RECEPTOR RET,rawtok_PROTO_ONCOGENE_TYROSINE_PROTEIN_KINASE_RECEPTOR_RET,0.9519230769230769,0.65780428590545,3,11,57,1.0,0.1819033012105804,-0.0
raw_token,raw_token,GENOME INTEGRITY,rawtok_GENOME_INTEGRITY,0.8333333333333334,0.7244879426899404,2,8,57,1.0,0.13996883789025158,-0.0
raw_token,raw_token,TYROSINE-PROTEIN KINASE FYN,rawtok_TYROSINE_PROTEIN_KINASE_FYN,0.8333333333333334,0.7244879426899404,2,8,57,1.0,0.13996883789025158,-0.0
raw_token,raw_token,5'-AMP-ACTIVATED PROTEIN KINASE CATALYTIC SUBUNIT ALPHA-1,rawtok_5_AMP_ACTIVATED_PROTEIN_KINASE_CATALYTIC_SUBUNIT_ALPHA_1,0.8444444444444444,0.7436267436267436,1,4,57,1.0,0.12864499974916307,-0.0
raw_token,raw_token,ALK TYROSINE KINASE RECEPTOR,rawtok_ALK_TYROSINE_KINASE_RECEPTOR,0.8444444444444444,0.7436267436267436,1,4,57,1.0,0.12864499974916307,-0.0
raw_token,raw_token,ANGIOPOIETIN-1 RECEPTOR,rawtok_ANGIOPOIETIN_1_RECEPTOR,0.8444444444444444,0.7436267436267436,1,4,57,1.0,0.12864499974916307,-0.0
raw_token,raw_token,ANKYRIN REPEAT AND PROTEIN KINASE DOMAIN-CONTAINING PROTEIN 1,rawtok_ANKYRIN_REPEAT_AND_PROTEIN_KINASE_DOMAIN_CONTAINING_PROTEIN_1,0.8444444444444444,0.7436267436267436,1,4,57,1.0,0.12864499974916307,-0.0
raw_token,raw_token,ATP-DEPENDENT TRANSLOCASE ABCB1,rawtok_ATP_DEPENDENT_TRANSLOCASE_ABCB1,0.8444444444444444,0.7436267436267436,1,4,57,1.0,0.12864499974916307,-0.0
raw_token,raw_token,AURORA KINASE A,rawtok_AURORA_KINASE_A,0.8444444444444444,0.7436267436267436,1,4,57,1.0,0.12864499974916307,-0.0
raw_token,raw_token,BROAD SUBSTRATE SPECIFICITY ATP-BINDING CASSETTE TRANSPORTER ABCG2,rawtok_BROAD_SUBSTRATE_SPECIFICITY_ATP_BINDING_CASSETTE_TRANSPORTER_ABCG2,0.8444444444444444,0.7436267436267436,1,4,57,1.0,0.12864499974916307,-0.0
raw_token,raw_token,CALCIUM/CALMODULIN-DEPENDENT PROTEIN KINASE TYPE II SUBUNIT GAMMA,rawtok_CALCIUM_CALMODULIN_DEPENDENT_PROTEIN_KINASE_TYPE_II_SUBUNIT_GAMMA,0.8444444444444444,0.7436267436267436,1,4,57,1.0,0.12864499974916307,-0.0
raw_token,raw_token,DEATH-ASSOCIATED PROTEIN KINASE 3,rawtok_DEATH_ASSOCIATED_PROTEIN_KINASE_3,0.8444444444444444,0.7436267436267436,1,4,57,1.0,0.12864499974916307,-0.0
raw_token,raw_token,DNA-DEPENDENT PROTEIN KINASE CATALYTIC SUBUNIT,rawtok_DNA_DEPENDENT_PROTEIN_KINASE_CATALYTIC_SUBUNIT,0.8444444444444444,0.7436267436267436,1,4,57,1.0,0.12864499974916307,-0.0
raw_token,raw_token,DUAL SPECIFICITY MITOGEN-ACTIVATED PROTEIN KINASE KINASE 4,rawtok_DUAL_SPECIFICITY_MITOGEN_ACTIVATED_PROTEIN_KINASE_KINASE_4,0.8444444444444444,0.7436267436267436,1,4,57,1.0,0.12864499974916307,-0.0
raw_token,raw_token,EPHRIN TYPE-A RECEPTOR 1,rawtok_EPHRIN_TYPE_A_RECEPTOR_1,0.8444444444444444,0.7436267436267436,1,4,57,1.0,0.12864499974916307,-0.0
raw_token,raw_token,EPHRIN TYPE-A RECEPTOR 3,rawtok_EPHRIN_TYPE_A_RECEPTOR_3,0.8444444444444444,0.7436267436267436,1,4,57,1.0,0.12864499974916307,-0.0
raw_token,raw_token,EPHRIN TYPE-A RECEPTOR 5,rawtok_EPHRIN_TYPE_A_RECEPTOR_5,0.8444444444444444,0.7436267436267436,1,4,57,1.0,0.12864499974916307,-0.0
raw_token,raw_token,EPHRIN TYPE-B RECEPTOR 1,rawtok_EPHRIN_TYPE_B_RECEPTOR_1,0.8444444444444444,0.7436267436267436,1,4,57,1.0,0.12864499974916307,-0.0
raw_token,raw_token,EPHRIN TYPE-B RECEPTOR 4,rawtok_EPHRIN_TYPE_B_RECEPTOR_4,0.8444444444444444,0.7436267436267436,1,4,57,1.0,0.12864499974916307,-0.0
raw_token,raw_token,FIBROBLAST GROWTH FACTOR RECEPTOR 4,rawtok_FIBROBLAST_GROWTH_FACTOR_RECEPTOR_4,0.8444444444444444,0.7436267436267436,1,4,57,1.0,0.12864499974916307,-0.0
raw_token,raw_token,MACROPHAGE-STIMULATING PROTEIN RECEPTOR,rawtok_MACROPHAGE_STIMULATING_PROTEIN_RECEPTOR,0.8444444444444444,0.7436267436267436,1,4,57,1.0,0.12864499974916307,-0.0
raw_token,raw_token,MAP KINASE-INTERACTING SERINE/THREONINE-PROTEIN KINASE 1,rawtok_MAP_KINASE_INTERACTING_SERINE_THREONINE_PROTEIN_KINASE_1,0.8444444444444444,0.7436267436267436,1,4,57,1.0,0.12864499974916307,-0.0
raw_token,raw_token,MAP KINASE-INTERACTING SERINE/THREONINE-PROTEIN KINASE 2,rawtok_MAP_KINASE_INTERACTING_SERINE_THREONINE_PROTEIN_KINASE_2,0.8444444444444444,0.7436267436267436,1,4,57,1.0,0.12864499974916307,-0.0
raw_token,raw_token,MITOGEN-ACTIVATED PROTEIN KINASE KINASE KINASE 7,rawtok_MITOGEN_ACTIVATED_PROTEIN_KINASE_KINASE_KINASE_7,0.8444444444444444,0.7436267436267436,1,4,57,1.0,0.12864499974916307,-0.0
raw_token,raw_token,MTOR SIGNALING,rawtok_MTOR_SIGNALING,0.8444444444444444,0.7436267436267436,1,4,57,1.0,0.12864499974916307,-0.0
raw_token,raw_token,NUCLEAR RECEPTOR SUBFAMILY 1 GROUP I MEMBER 2,rawtok_NUCLEAR_RECEPTOR_SUBFAMILY_1_GROUP_I_MEMBER_2,0.8444444444444444,0.7436267436267436,1,4,57,1.0,0.12864499974916307,-0.0
raw_token,raw_token,"PHOSPHATIDYLINOSITOL 4,5-BISPHOSPHATE 3-KINASE CATALYTIC SUBUNIT DELTA ISOFORM",rawtok_PHOSPHATIDYLINOSITOL_4_5_BISPHOSPHATE_3_KINASE_CATALYTIC_SUBUNIT_DELTA_I,0.8444444444444444,0.7436267436267436,1,4,57,1.0,0.12864499974916307,-0.0
raw_token,raw_token,"PHOSPHATIDYLINOSITOL 4,5-BISPHOSPHATE 3-KINASE CATALYTIC SUBUNIT GAMMA ISOFORM",rawtok_PHOSPHATIDYLINOSITOL_4_5_BISPHOSPHATE_3_KINASE_CATALYTIC_SUBUNIT_GAMMA_I,0.8444444444444444,0.7436267436267436,1,4,57,1.0,0.12864499974916307,-0.0
raw_token,raw_token,PI3K,rawtok_PI3K,0.8444444444444444,0.7436267436267436,1,4,57,1.0,0.12864499974916307,-0.0
raw_token,raw_token,PROTEIN KINASE C DELTA TYPE,rawtok_PROTEIN_KINASE_C_DELTA_TYPE,0.8444444444444444,0.7436267436267436,1,4,57,1.0,0.12864499974916307,-0.0
raw_token,raw_token,PROTEIN-TYROSINE KINASE 2-BETA,rawtok_PROTEIN_TYROSINE_KINASE_2_BETA,0.8444444444444444,0.7436267436267436,1,4,57,1.0,0.12864499974916307,-0.0
raw_token,raw_token,RAF PROTO-ONCOGENE SERINE/THREONINE-PROTEIN KINASE,rawtok_RAF_PROTO_ONCOGENE_SERINE_THREONINE_PROTEIN_KINASE,0.8444444444444444,0.7436267436267436,1,4,57,1.0,0.12864499974916307,-0.0
raw_token,raw_token,RIBOSOMAL PROTEIN S6 KINASE ALPHA-3,rawtok_RIBOSOMAL_PROTEIN_S6_KINASE_ALPHA_3,0.8444444444444444,0.7436267436267436,1,4,57,1.0,0.12864499974916307,-0.0
raw_token,raw_token,SERINE/THREONINE-PROTEIN KINASE CHK2,rawtok_SERINE_THREONINE_PROTEIN_KINASE_CHK2,0.8444444444444444,0.7436267436267436,1,4,57,1.0,0.12864499974916307,-0.0
raw_token,raw_token,SERINE/THREONINE-PROTEIN KINASE MARK2,rawtok_SERINE_THREONINE_PROTEIN_KINASE_MARK2,0.8444444444444444,0.7436267436267436,1,4,57,1.0,0.12864499974916307,-0.0
raw_token,raw_token,SERINE/THREONINE-PROTEIN KINASE MTOR,rawtok_SERINE_THREONINE_PROTEIN_KINASE_MTOR,0.8444444444444444,0.7436267436267436,1,4,57,1.0,0.12864499974916307,-0.0
raw_token,raw_token,SERINE/THREONINE-PROTEIN KINASE NLK,rawtok_SERINE_THREONINE_PROTEIN_KINASE_NLK,0.8444444444444444,0.7436267436267436,1,4,57,1.0,0.12864499974916307,-0.0
raw_token,raw_token,SERINE/THREONINE-PROTEIN KINASE PAK 4,rawtok_SERINE_THREONINE_PROTEIN_KINASE_PAK_4,0.8444444444444444,0.7436267436267436,1,4,57,1.0,0.12864499974916307,-0.0
raw_token,raw_token,TYROSINE-PROTEIN KINASE BTK,rawtok_TYROSINE_PROTEIN_KINASE_BTK,0.8444444444444444,0.7436267436267436,1,4,57,1.0,0.12864499974916307,-0.0
raw_token,raw_token,TYROSINE-PROTEIN KINASE FER,rawtok_TYROSINE_PROTEIN_KINASE_FER,0.8444444444444444,0.7436267436267436,1,4,57,1.0,0.12864499974916307,-0.0
raw_token,raw_token,TYROSINE-PROTEIN KINASE MER,rawtok_TYROSINE_PROTEIN_KINASE_MER,0.8444444444444444,0.7436267436267436,1,4,57,1.0,0.12864499974916307,-0.0
raw_token,raw_token,TYROSINE-PROTEIN KINASE RECEPTOR TIE-1,rawtok_TYROSINE_PROTEIN_KINASE_RECEPTOR_TIE_1,0.8444444444444444,0.7436267436267436,1,4,57,1.0,0.12864499974916307,-0.0
raw_token,raw_token,HEPATOCYTE GROWTH FACTOR RECEPTOR,rawtok_HEPATOCYTE_GROWTH_FACTOR_RECEPTOR,0.6938775510204082,0.7911272913968331,2,9,57,1.0,0.1017536334383522,-0.0
raw_token,raw_token,MITOGEN-ACTIVATED PROTEIN KINASE KINASE KINASE KINASE 4,rawtok_MITOGEN_ACTIVATED_PROTEIN_KINASE_KINASE_KINASE_KINASE_4,0.6938775510204082,0.7911272913968331,2,9,57,1.0,0.1017536334383522,-0.0
raw_token,raw_token,PROTO-ONCOGENE TYROSINE-PROTEIN KINASE SRC,rawtok_PROTO_ONCOGENE_TYROSINE_PROTEIN_KINASE_SRC,0.6938775510204082,0.7911272913968331,2,9,57,1.0,0.1017536334383522,-0.0
raw_token,raw_token,VASCULAR ENDOTHELIAL GROWTH FACTOR RECEPTOR 2,rawtok_VASCULAR_ENDOTHELIAL_GROWTH_FACTOR_RECEPTOR_2,0.6938775510204082,0.7911272913968331,2,9,57,1.0,0.1017536334383522,-0.0
raw_token,raw_token,VOLTAGE-GATED INWARDLY RECTIFYING POTASSIUM CHANNEL KCNH2,rawtok_VOLTAGE_GATED_INWARDLY_RECTIFYING_POTASSIUM_CHANNEL_KCNH2,0.6938775510204082,0.7911272913968331,2,9,57,1.0,0.1017536334383522,-0.0
raw_token,raw_token,ADENOSINE RECEPTOR A3,rawtok_ADENOSINE_RECEPTOR_A3,0.6166666666666667,0.821022443663953,1,5,57,1.0,0.08564497074148254,-0.0
raw_token,raw_token,BILE SALT EXPORT PUMP,rawtok_BILE_SALT_EXPORT_PUMP,0.6166666666666667,0.821022443663953,1,5,57,1.0,0.08564497074148254,-0.0
raw_token,raw_token,CELL CYCLE,rawtok_CELL_CYCLE,0.6166666666666667,0.821022443663953,1,5,57,1.0,0.08564497074148254,-0.0
raw_token,raw_token,DUAL SPECIFICITY PROTEIN KINASE CLK1,rawtok_DUAL_SPECIFICITY_PROTEIN_KINASE_CLK1,0.6166666666666667,0.821022443663953,1,5,57,1.0,0.08564497074148254,-0.0
raw_token,raw_token,DUAL SPECIFICITY PROTEIN KINASE CLK2,rawtok_DUAL_SPECIFICITY_PROTEIN_KINASE_CLK2,0.6166666666666667,0.821022443663953,1,5,57,1.0,0.08564497074148254,-0.0
raw_token,raw_token,DUAL SPECIFICITY PROTEIN KINASE CLK4,rawtok_DUAL_SPECIFICITY_PROTEIN_KINASE_CLK4,0.6166666666666667,0.821022443663953,1,5,57,1.0,0.08564497074148254,-0.0
raw_token,raw_token,DUAL SPECIFICITY TYROSINE-PHOSPHORYLATION-REGULATED KINASE 1A,rawtok_DUAL_SPECIFICITY_TYROSINE_PHOSPHORYLATION_REGULATED_KINASE_1A,0.6166666666666667,0.821022443663953,1,5,57,1.0,0.08564497074148254,-0.0
raw_token,raw_token,DUAL SPECIFICITY TYROSINE-PHOSPHORYLATION-REGULATED KINASE 1B,rawtok_DUAL_SPECIFICITY_TYROSINE_PHOSPHORYLATION_REGULATED_KINASE_1B,0.6166666666666667,0.821022443663953,1,5,57,1.0,0.08564497074148254,-0.0
raw_token,raw_token,FIBROBLAST GROWTH FACTOR RECEPTOR 2,rawtok_FIBROBLAST_GROWTH_FACTOR_RECEPTOR_2,0.6166666666666667,0.821022443663953,1,5,57,1.0,0.08564497074148254,-0.0
raw_token,raw_token,MUSCARINIC ACETYLCHOLINE RECEPTOR M2,rawtok_MUSCARINIC_ACETYLCHOLINE_RECEPTOR_M2,0.6166666666666667,0.821022443663953,1,5,57,1.0,0.08564497074148254,-0.0
raw_token,raw_token,SERINE/THREONINE-PROTEIN KINASE 16,rawtok_SERINE_THREONINE_PROTEIN_KINASE_16,0.6166666666666667,0.821022443663953,1,5,57,1.0,0.08564497074148254,-0.0
raw_token,raw_token,SERINE/THREONINE-PROTEIN KINASE D3,rawtok_SERINE_THREONINE_PROTEIN_KINASE_D3,0.6166666666666667,0.821022443663953,1,5,57,1.0,0.08564497074148254,-0.0
raw_token,raw_token,SERINE/THREONINE-PROTEIN KINASE NEK2,rawtok_SERINE_THREONINE_PROTEIN_KINASE_NEK2,0.6166666666666667,0.821022443663953,1,5,57,1.0,0.08564497074148254,-0.0
raw_token,raw_token,TYROSINE-PROTEIN KINASE JAK3,rawtok_TYROSINE_PROTEIN_KINASE_JAK3,0.6166666666666667,0.821022443663953,1,5,57,1.0,0.08564497074148254,-0.0
raw_token,raw_token,VASCULAR ENDOTHELIAL GROWTH FACTOR RECEPTOR 1,rawtok_VASCULAR_ENDOTHELIAL_GROWTH_FACTOR_RECEPTOR_1,0.6166666666666667,0.821022443663953,1,5,57,1.0,0.08564497074148254,-0.0
raw_token,raw_token,VASCULAR ENDOTHELIAL GROWTH FACTOR RECEPTOR 3,rawtok_VASCULAR_ENDOTHELIAL_GROWTH_FACTOR_RECEPTOR_3,0.6166666666666667,0.821022443663953,1,5,57,1.0,0.08564497074148254,-0.0
raw_token,raw_token,MITOGEN-ACTIVATED PROTEIN KINASE KINASE KINASE KINASE 5,rawtok_MITOGEN_ACTIVATED_PROTEIN_KINASE_KINASE_KINASE_KINASE_5,0.5892857142857143,0.8442305223976383,2,10,57,1.0,0.07353895037014212,-0.0
raw_token,raw_token,RECEPTOR-TYPE TYROSINE-PROTEIN KINASE FLT3,rawtok_RECEPTOR_TYPE_TYROSINE_PROTEIN_KINASE_FLT3,0.5892857142857143,0.8442305223976383,2,10,57,1.0,0.07353895037014212,-0.0
raw_token,raw_token,BMP-2-INDUCIBLE PROTEIN KINASE,rawtok_BMP_2_INDUCIBLE_PROTEIN_KINASE,0.48,0.8760924609981214,1,6,57,1.0,0.05745005686588404,-0.0
raw_token,raw_token,CASEIN KINASE II SUBUNIT ALPHA',rawtok_CASEIN_KINASE_II_SUBUNIT_ALPHA__2,0.48,0.8760924609981214,1,6,57,1.0,0.05745005686588404,-0.0
raw_token,raw_token,CITRON RHO-INTERACTING KINASE,rawtok_CITRON_RHO_INTERACTING_KINASE,0.48,0.8760924609981214,1,6,57,1.0,0.05745005686588404,-0.0
raw_token,raw_token,CYCLIN-DEPENDENT KINASE 16,rawtok_CYCLIN_DEPENDENT_KINASE_16,0.48,0.8760924609981214,1,6,57,1.0,0.05745005686588404,-0.0
raw_token,raw_token,CYCLIN-DEPENDENT KINASE 7,rawtok_CYCLIN_DEPENDENT_KINASE_7,0.48,0.8760924609981214,1,6,57,1.0,0.05745005686588404,-0.0
raw_token,raw_token,DISCOIDIN DOMAIN-CONTAINING RECEPTOR 2,rawtok_DISCOIDIN_DOMAIN_CONTAINING_RECEPTOR_2,0.48,0.8760924609981214,1,6,57,1.0,0.05745005686588404,-0.0
raw_token,raw_token,EPHRIN TYPE-A RECEPTOR 6,rawtok_EPHRIN_TYPE_A_RECEPTOR_6,0.48,0.8760924609981214,1,6,57,1.0,0.05745005686588404,-0.0
raw_token,raw_token,FOCAL ADHESION KINASE 1,rawtok_FOCAL_ADHESION_KINASE_1,0.48,0.8760924609981214,1,6,57,1.0,0.05745005686588404,-0.0
raw_token,raw_token,HIGH AFFINITY NERVE GROWTH FACTOR RECEPTOR,rawtok_HIGH_AFFINITY_NERVE_GROWTH_FACTOR_RECEPTOR,0.48,0.8760924609981214,1,6,57,1.0,0.05745005686588404,-0.0
raw_token,raw_token,LEUCINE-RICH REPEAT SERINE/THREONINE-PROTEIN KINASE 2,rawtok_LEUCINE_RICH_REPEAT_SERINE_THREONINE_PROTEIN_KINASE_2,0.48,0.8760924609981214,1,6,57,1.0,0.05745005686588404,-0.0
raw_token,raw_token,MISSHAPEN-LIKE KINASE 1,rawtok_MISSHAPEN_LIKE_KINASE_1,0.48,0.8760924609981214,1,6,57,1.0,0.05745005686588404,-0.0
raw_token,raw_token,SERINE/THREONINE-PROTEIN KINASE B-RAF,rawtok_SERINE_THREONINE_PROTEIN_KINASE_B_RAF,0.48,0.8760924609981214,1,6,57,1.0,0.05745005686588404,-0.0
raw_token,raw_token,SERINE/THREONINE-PROTEIN KINASE CHK1,rawtok_SERINE_THREONINE_PROTEIN_KINASE_CHK1,0.48,0.8760924609981214,1,6,57,1.0,0.05745005686588404,-0.0
raw_token,raw_token,UNCHARACTERIZED PROTEIN FLJ45252,rawtok_UNCHARACTERIZED_PROTEIN_FLJ45252,0.48,0.8760924609981214,1,6,57,1.0,0.05745005686588404,-0.0
raw_token,raw_token,AP2-ASSOCIATED PROTEIN KINASE 1,rawtok_AP2_ASSOCIATED_PROTEIN_KINASE_1,0.3888888888888889,0.9149654144104754,1,7,57,1.0,0.03859532190575252,-0.0
raw_token,raw_token,AURORA KINASE B,rawtok_AURORA_KINASE_B,0.3888888888888889,0.9149654144104754,1,7,57,1.0,0.03859532190575252,-0.0
raw_token,raw_token,EPITHELIAL DISCOIDIN DOMAIN-CONTAINING RECEPTOR 1,rawtok_EPITHELIAL_DISCOIDIN_DOMAIN_CONTAINING_RECEPTOR_1,0.3888888888888889,0.9149654144104754,1,7,57,1.0,0.03859532190575252,-0.0
raw_token,raw_token,FIBROBLAST GROWTH FACTOR RECEPTOR 1,rawtok_FIBROBLAST_GROWTH_FACTOR_RECEPTOR_1,0.3888888888888889,0.9149654144104754,1,7,57,1.0,0.03859532190575252,-0.0
raw_token,raw_token,MACROPHAGE COLONY-STIMULATING FACTOR 1 RECEPTOR,rawtok_MACROPHAGE_COLONY_STIMULATING_FACTOR_1_RECEPTOR,0.3888888888888889,0.9149654144104754,1,7,57,1.0,0.03859532190575252,-0.0
raw_token,raw_token,MAST/STEM CELL GROWTH FACTOR RECEPTOR KIT,rawtok_MAST_STEM_CELL_GROWTH_FACTOR_RECEPTOR_KIT,0.3888888888888889,0.9149654144104754,1,7,57,1.0,0.03859532190575252,-0.0
raw_token,raw_token,MITOGEN-ACTIVATED PROTEIN KINASE 10,rawtok_MITOGEN_ACTIVATED_PROTEIN_KINASE_10,0.3888888888888889,0.9149654144104754,1,7,57,1.0,0.03859532190575252,-0.0
raw_token,raw_token,MITOGEN-ACTIVATED PROTEIN KINASE KINASE KINASE 20,rawtok_MITOGEN_ACTIVATED_PROTEIN_KINASE_KINASE_KINASE_20,0.3888888888888889,0.9149654144104754,1,7,57,1.0,0.03859532190575252,-0.0
raw_token,raw_token,MITOGEN-ACTIVATED PROTEIN KINASE KINASE KINASE KINASE 2,rawtok_MITOGEN_ACTIVATED_PROTEIN_KINASE_KINASE_KINASE_KINASE_2,0.3888888888888889,0.9149654144104754,1,7,57,1.0,0.03859532190575252,-0.0
raw_token,raw_token,TYROSINE-PROTEIN KINASE FGR,rawtok_TYROSINE_PROTEIN_KINASE_FGR,0.3888888888888889,0.9149654144104754,1,7,57,1.0,0.03859532190575252,-0.0
raw_token,raw_token,TYROSINE-PROTEIN KINASE YES,rawtok_TYROSINE_PROTEIN_KINASE_YES,0.3888888888888889,0.9149654144104754,1,7,57,1.0,0.03859532190575252,-0.0
raw_token,raw_token,TYROSINE-PROTEIN KINASE LCK,rawtok_TYROSINE_PROTEIN_KINASE_LCK,0.44285714285714284,0.9173600412535111,2,12,57,1.0,0.03746018096995271,-0.0
raw_token,raw_token,ACTIVATED CDC42 KINASE 1,rawtok_ACTIVATED_CDC42_KINASE_1,0.3238095238095238,0.9421764817991233,1,8,57,1.0,0.02586774063306482,-0.0
raw_token,raw_token,PLATELET-DERIVED GROWTH FACTOR RECEPTOR BETA,rawtok_PLATELET_DERIVED_GROWTH_FACTOR_RECEPTOR_BETA,0.3238095238095238,0.9421764817991233,1,8,57,1.0,0.02586774063306482,-0.0
raw_token,raw_token,RECEPTOR-INTERACTING SERINE/THREONINE-PROTEIN KINASE 2,rawtok_RECEPTOR_INTERACTING_SERINE_THREONINE_PROTEIN_KINASE_2,0.3238095238095238,0.9421764817991233,1,8,57,1.0,0.02586774063306482,-0.0
raw_token,raw_token,SERINE/THREONINE-PROTEIN KINASE 10,rawtok_SERINE_THREONINE_PROTEIN_KINASE_10,0.3238095238095238,0.9421764817991233,1,8,57,1.0,0.02586774063306482,-0.0
raw_token,raw_token,TRAF2 AND NCK-INTERACTING PROTEIN KINASE,rawtok_TRAF2_AND_NCK_INTERACTING_PROTEIN_KINASE,0.3238095238095238,0.9421764817991233,1,8,57,1.0,0.02586774063306482,-0.0
raw_token,raw_token,TYROSINE-PROTEIN KINASE ABL2,rawtok_TYROSINE_PROTEIN_KINASE_ABL2,0.3238095238095238,0.9421764817991233,1,8,57,1.0,0.02586774063306482,-0.0
raw_token,raw_token,TYROSINE-PROTEIN KINASE BLK,rawtok_TYROSINE_PROTEIN_KINASE_BLK,0.3238095238095238,0.9421764817991233,1,8,57,1.0,0.02586774063306482,-0.0
raw_token,raw_token,TYROSINE-PROTEIN KINASE FRK,rawtok_TYROSINE_PROTEIN_KINASE_FRK,0.3238095238095238,0.9421764817991233,1,8,57,1.0,0.02586774063306482,-0.0
raw_token,raw_token,TYROSINE-PROTEIN KINASE HCK,rawtok_TYROSINE_PROTEIN_KINASE_HCK,0.3238095238095238,0.9421764817991233,1,8,57,1.0,0.02586774063306482,-0.0
raw_token,raw_token,TYROSINE-PROTEIN KINASE LYN,rawtok_TYROSINE_PROTEIN_KINASE_LYN,0.3238095238095238,0.9421764817991233,1,8,57,1.0,0.02586774063306482,-0.0
raw_token,raw_token,STE20-LIKE SERINE/THREONINE-PROTEIN KINASE,rawtok_STE20_LIKE_SERINE_THREONINE_PROTEIN_KINASE,0.275,0.9610576305994095,1,9,57,1.0,0.017250568730137625,-0.0
raw_token,raw_token,TYROSINE-PROTEIN KINASE ABL1,rawtok_TYROSINE_PROTEIN_KINASE_ABL1,0.275,0.9610576305994095,1,9,57,1.0,0.017250568730137625,-0.0
raw_token,raw_token,DUAL SPECIFICITY MITOGEN-ACTIVATED PROTEIN KINASE KINASE 2,rawtok_DUAL_SPECIFICITY_MITOGEN_ACTIVATED_PROTEIN_KINASE_KINASE_2,0.23703703703703705,0.9740384203996064,1,10,57,1.0,0.011423912281079663,-0.0
raw_token,raw_token,DUAL SPECIFICITY MITOGEN-ACTIVATED PROTEIN KINASE KINASE 1,rawtok_DUAL_SPECIFICITY_MITOGEN_ACTIVATED_PROTEIN_KINASE_KINASE_1,0.20666666666666667,0.9828764049444212,1,11,57,1.0,0.007501090535474998,-0.0
raw_token,raw_token,2 AND 3 INHIBITOR,rawtok_2_AND_3_INHIBITOR,0.0,1.0,0,3,57,1.0,-0.0,-0.0
raw_token,raw_token,5'-AMP-ACTIVATED PROTEIN KINASE SUBUNIT GAMMA-1,rawtok_5_AMP_ACTIVATED_PROTEIN_KINASE_SUBUNIT_GAMMA_1,0.0,1.0,0,3,57,1.0,-0.0,-0.0
raw_token,raw_token,5'-AMP-ACTIVATED PROTEIN KINASE SUBUNIT GAMMA-2,rawtok_5_AMP_ACTIVATED_PROTEIN_KINASE_SUBUNIT_GAMMA_2,0.0,1.0,0,3,57,1.0,-0.0,-0.0
raw_token,raw_token,5-HYDROXYTRYPTAMINE RECEPTOR 2A,rawtok_5_HYDROXYTRYPTAMINE_RECEPTOR_2A,0.0,1.0,0,2,57,1.0,-0.0,-0.0
raw_token,raw_token,5-HYDROXYTRYPTAMINE RECEPTOR 2C,rawtok_5_HYDROXYTRYPTAMINE_RECEPTOR_2C,0.0,1.0,0,2,57,1.0,-0.0,-0.0
raw_token,raw_token,ACTIVIN RECEPTOR TYPE-1,rawtok_ACTIVIN_RECEPTOR_TYPE_1,0.0,1.0,0,2,57,1.0,-0.0,-0.0
raw_token,raw_token,ACTIVIN RECEPTOR TYPE-2B,rawtok_ACTIVIN_RECEPTOR_TYPE_2B,0.0,1.0,0,4,57,1.0,-0.0,-0.0
raw_token,raw_token,ADENOSINE RECEPTOR A1,rawtok_ADENOSINE_RECEPTOR_A1,0.0,1.0,0,2,57,1.0,-0.0,-0.0
raw_token,raw_token,ALPHA-1A ADRENERGIC RECEPTOR,rawtok_ALPHA_1A_ADRENERGIC_RECEPTOR,0.0,1.0,0,2,57,1.0,-0.0,-0.0
raw_token,raw_token,ALPHA-2B ADRENERGIC RECEPTOR,rawtok_ALPHA_2B_ADRENERGIC_RECEPTOR,0.0,1.0,0,2,57,1.0,-0.0,-0.0
raw_token,raw_token,APOPTOSIS REGULATOR BCL-2,rawtok_APOPTOSIS_REGULATOR_BCL_2,0.0,1.0,0,2,57,1.0,-0.0,-0.0
raw_token,raw_token,AURORA KINASE C,rawtok_AURORA_KINASE_C,0.0,1.0,0,4,57,1.0,-0.0,-0.0
raw_token,raw_token,BETA-1 ADRENERGIC RECEPTOR,rawtok_BETA_1_ADRENERGIC_RECEPTOR,0.0,1.0,0,2,57,1.0,-0.0,-0.0
raw_token,raw_token,BETA-3 ADRENERGIC RECEPTOR,rawtok_BETA_3_ADRENERGIC_RECEPTOR,0.0,1.0,0,2,57,1.0,-0.0,-0.0
raw_token,raw_token,BONE MORPHOGENETIC PROTEIN RECEPTOR TYPE-1B,rawtok_BONE_MORPHOGENETIC_PROTEIN_RECEPTOR_TYPE_1B,0.0,1.0,0,3,57,1.0,-0.0,-0.0
raw_token,raw_token,BONE MORPHOGENETIC PROTEIN RECEPTOR TYPE-2,rawtok_BONE_MORPHOGENETIC_PROTEIN_RECEPTOR_TYPE_2,0.0,1.0,0,2,57,1.0,-0.0,-0.0
raw_token,raw_token,BRAF,rawtok_BRAF,0.0,1.0,0,2,57,1.0,-0.0,-0.0
raw_token,raw_token,BREAKPOINT CLUSTER REGION PROTEIN,rawtok_BREAKPOINT_CLUSTER_REGION_PROTEIN,0.0,1.0,0,3,57,1.0,-0.0,-0.0
raw_token,raw_token,BROMODOMAIN TESTIS-SPECIFIC PROTEIN,rawtok_BROMODOMAIN_TESTIS_SPECIFIC_PROTEIN,0.0,1.0,0,2,57,1.0,-0.0,-0.0
raw_token,raw_token,CALCIUM/CALMODULIN-DEPENDENT PROTEIN KINASE KINASE 1,rawtok_CALCIUM_CALMODULIN_DEPENDENT_PROTEIN_KINASE_KINASE_1,0.0,1.0,0,2,57,1.0,-0.0,-0.0
raw_token,raw_token,CALCIUM/CALMODULIN-DEPENDENT PROTEIN KINASE KINASE 2,rawtok_CALCIUM_CALMODULIN_DEPENDENT_PROTEIN_KINASE_KINASE_2,0.0,1.0,0,3,57,1.0,-0.0,-0.0
raw_token,raw_token,CALCIUM/CALMODULIN-DEPENDENT PROTEIN KINASE TYPE 1,rawtok_CALCIUM_CALMODULIN_DEPENDENT_PROTEIN_KINASE_TYPE_1,0.0,1.0,0,3,57,1.0,-0.0,-0.0
raw_token,raw_token,CALCIUM/CALMODULIN-DEPENDENT PROTEIN KINASE TYPE 1D,rawtok_CALCIUM_CALMODULIN_DEPENDENT_PROTEIN_KINASE_TYPE_1D,0.0,1.0,0,2,57,1.0,-0.0,-0.0
raw_token,raw_token,CALCIUM/CALMODULIN-DEPENDENT PROTEIN KINASE TYPE 1G,rawtok_CALCIUM_CALMODULIN_DEPENDENT_PROTEIN_KINASE_TYPE_1G,0.0,1.0,0,2,57,1.0,-0.0,-0.0
raw_token,raw_token,CALCIUM/CALMODULIN-DEPENDENT PROTEIN KINASE TYPE II SUBUNIT ALPHA,rawtok_CALCIUM_CALMODULIN_DEPENDENT_PROTEIN_KINASE_TYPE_II_SUBUNIT_ALPHA,0.0,1.0,0,2,57,1.0,-0.0,-0.0
raw_token,raw_token,CASEIN KINASE I ISOFORM ALPHA-LIKE,rawtok_CASEIN_KINASE_I_ISOFORM_ALPHA_LIKE,0.0,1.0,0,2,57,1.0,-0.0,-0.0
raw_token,raw_token,CASEIN KINASE I ISOFORM DELTA,rawtok_CASEIN_KINASE_I_ISOFORM_DELTA,0.0,1.0,0,3,57,1.0,-0.0,-0.0
raw_token,raw_token,CASEIN KINASE I ISOFORM EPSILON,rawtok_CASEIN_KINASE_I_ISOFORM_EPSILON,0.0,1.0,0,4,57,1.0,-0.0,-0.0
raw_token,raw_token,"CGMP-INHIBITED 3',5'-CYCLIC PHOSPHODIESTERASE 3A",rawtok_CGMP_INHIBITED_3_5_CYCLIC_PHOSPHODIESTERASE_3A,0.0,1.0,0,2,57,1.0,-0.0,-0.0
raw_token,raw_token,CHEK1,rawtok_CHEK1,0.0,1.0,0,2,57,1.0,-0.0,-0.0
raw_token,raw_token,CYCLIN-DEPENDENT KINASE 14,rawtok_CYCLIN_DEPENDENT_KINASE_14,0.0,1.0,0,2,57,1.0,-0.0,-0.0
raw_token,raw_token,CYCLIN-DEPENDENT KINASE 15,rawtok_CYCLIN_DEPENDENT_KINASE_15,0.0,1.0,0,2,57,1.0,-0.0,-0.0
raw_token,raw_token,CYCLIN-DEPENDENT KINASE 3,rawtok_CYCLIN_DEPENDENT_KINASE_3,0.0,1.0,0,2,57,1.0,-0.0,-0.0
raw_token,raw_token,CYCLIN-DEPENDENT KINASE-LIKE 2,rawtok_CYCLIN_DEPENDENT_KINASE_LIKE_2,0.0,1.0,0,2,57,1.0,-0.0,-0.0
raw_token,raw_token,CYCLIN-G-ASSOCIATED KINASE,rawtok_CYCLIN_G_ASSOCIATED_KINASE,0.0,1.0,0,7,57,1.0,-0.0,-0.0
raw_token,raw_token,CYTOPLASMIC TYROSINE-PROTEIN KINASE BMX,rawtok_CYTOPLASMIC_TYROSINE_PROTEIN_KINASE_BMX,0.0,1.0,0,2,57,1.0,-0.0,-0.0
raw_token,raw_token,DEATH-ASSOCIATED PROTEIN KINASE 1,rawtok_DEATH_ASSOCIATED_PROTEIN_KINASE_1,0.0,1.0,0,2,57,1.0,-0.0,-0.0
raw_token,raw_token,DUAL SERINE/THREONINE AND TYROSINE PROTEIN KINASE,rawtok_DUAL_SERINE_THREONINE_AND_TYROSINE_PROTEIN_KINASE,0.0,1.0,0,2,57,1.0,-0.0,-0.0
raw_token,raw_token,DUAL SPECIFICITY MITOGEN-ACTIVATED PROTEIN KINASE KINASE 1 INHIBITOR,rawtok_DUAL_SPECIFICITY_MITOGEN_ACTIVATED_PROTEIN_KINASE_KINASE_1_INHIBITOR,0.0,1.0,0,3,57,1.0,-0.0,-0.0
raw_token,raw_token,DUAL SPECIFICITY MITOGEN-ACTIVATED PROTEIN KINASE KINASE 2 INHIBITOR,rawtok_DUAL_SPECIFICITY_MITOGEN_ACTIVATED_PROTEIN_KINASE_KINASE_2_INHIBITOR,0.0,1.0,0,3,57,1.0,-0.0,-0.0
raw_token,raw_token,DUAL SPECIFICITY MITOGEN-ACTIVATED PROTEIN KINASE KINASE 3,rawtok_DUAL_SPECIFICITY_MITOGEN_ACTIVATED_PROTEIN_KINASE_KINASE_3,0.0,1.0,0,2,57,1.0,-0.0,-0.0
raw_token,raw_token,DUAL SPECIFICITY MITOGEN-ACTIVATED PROTEIN KINASE KINASE 5,rawtok_DUAL_SPECIFICITY_MITOGEN_ACTIVATED_PROTEIN_KINASE_KINASE_5,0.0,1.0,0,8,57,1.0,-0.0,-0.0
raw_token,raw_token,DUAL SPECIFICITY MITOGEN-ACTIVATED PROTEIN KINASE KINASE 6,rawtok_DUAL_SPECIFICITY_MITOGEN_ACTIVATED_PROTEIN_KINASE_KINASE_6,0.0,1.0,0,2,57,1.0,-0.0,-0.0
raw_token,raw_token,DUAL SPECIFICITY MITOGEN-ACTIVATED PROTEIN KINASE KINASE 7,rawtok_DUAL_SPECIFICITY_MITOGEN_ACTIVATED_PROTEIN_KINASE_KINASE_7,0.0,1.0,0,2,57,1.0,-0.0,-0.0
raw_token,raw_token,DUAL SPECIFICITY TESTIS-SPECIFIC PROTEIN KINASE 1,rawtok_DUAL_SPECIFICITY_TESTIS_SPECIFIC_PROTEIN_KINASE_1,0.0,1.0,0,3,57,1.0,-0.0,-0.0
raw_token,raw_token,DUAL SPECIFICITY TYROSINE-PHOSPHORYLATION-REGULATED KINASE 2,rawtok_DUAL_SPECIFICITY_TYROSINE_PHOSPHORYLATION_REGULATED_KINASE_2,0.0,1.0,0,4,57,1.0,-0.0,-0.0
raw_token,raw_token,D(1A) DOPAMINE RECEPTOR,rawtok_D_1A_DOPAMINE_RECEPTOR,0.0,1.0,0,2,57,1.0,-0.0,-0.0
raw_token,raw_token,D(2) DOPAMINE RECEPTOR,rawtok_D_2_DOPAMINE_RECEPTOR,0.0,1.0,0,2,57,1.0,-0.0,-0.0
raw_token,raw_token,EGFR,rawtok_EGFR,0.0,1.0,0,2,57,1.0,-0.0,-0.0
raw_token,raw_token,EGFR SIGNALING,rawtok_EGFR_SIGNALING,0.0,1.0,0,2,57,1.0,-0.0,-0.0
raw_token,raw_token,EIF-2-ALPHA KINASE GCN2,rawtok_EIF_2_ALPHA_KINASE_GCN2,0.0,1.0,0,4,57,1.0,-0.0,-0.0
raw_token,raw_token,EPHRIN TYPE-B RECEPTOR 6,rawtok_EPHRIN_TYPE_B_RECEPTOR_6,0.0,1.0,0,7,57,1.0,-0.0,-0.0
raw_token,raw_token,ERK MAPK SIGNALING,rawtok_ERK_MAPK_SIGNALING,0.0,1.0,0,6,57,1.0,-0.0,-0.0
raw_token,raw_token,ESR1,rawtok_ESR1,0.0,1.0,0,2,57,1.0,-0.0,-0.0
raw_token,raw_token,ESR2,rawtok_ESR2,0.0,1.0,0,2,57,1.0,-0.0,-0.0
raw_token,raw_token,ESTROGEN RECEPTOR,rawtok_ESTROGEN_RECEPTOR,0.0,1.0,0,2,57,1.0,-0.0,-0.0
raw_token,raw_token,ESTROGEN RECEPTOR BETA,rawtok_ESTROGEN_RECEPTOR_BETA,0.0,1.0,0,2,57,1.0,-0.0,-0.0
raw_token,raw_token,EUKARYOTIC TRANSLATION INITIATION FACTOR 2-ALPHA KINASE 1,rawtok_EUKARYOTIC_TRANSLATION_INITIATION_FACTOR_2_ALPHA_KINASE_1,0.0,1.0,0,2,57,1.0,-0.0,-0.0
raw_token,raw_token,"FERROCHELATASE, MITOCHONDRIAL",rawtok_FERROCHELATASE_MITOCHONDRIAL,0.0,1.0,0,3,57,1.0,-0.0,-0.0
raw_token,raw_token,FGFR1,rawtok_FGFR1,0.0,1.0,0,2,57,1.0,-0.0,-0.0
raw_token,raw_token,FGFR2,rawtok_FGFR2,0.0,1.0,0,2,57,1.0,-0.0,-0.0
raw_token,raw_token,FGFR3,rawtok_FGFR3,0.0,1.0,0,2,57,1.0,-0.0,-0.0
raw_token,raw_token,FIBROBLAST GROWTH FACTOR RECEPTOR 3,rawtok_FIBROBLAST_GROWTH_FACTOR_RECEPTOR_3,0.0,1.0,0,3,57,1.0,-0.0,-0.0
raw_token,raw_token,FLT1,rawtok_FLT1,0.0,1.0,0,2,57,1.0,-0.0,-0.0
raw_token,raw_token,FLT4,rawtok_FLT4,0.0,1.0,0,2,57,1.0,-0.0,-0.0
raw_token,raw_token,GLUCOCORTICOID RECEPTOR,rawtok_GLUCOCORTICOID_RECEPTOR,0.0,1.0,0,2,57,1.0,-0.0,-0.0
raw_token,raw_token,GPER1,rawtok_GPER1,0.0,1.0,0,2,57,1.0,-0.0,-0.0
raw_token,raw_token,GROWTH HORMONE SECRETAGOGUE RECEPTOR TYPE 1,rawtok_GROWTH_HORMONE_SECRETAGOGUE_RECEPTOR_TYPE_1,0.0,1.0,0,2,57,1.0,-0.0,-0.0
raw_token,raw_token,G PROTEIN-COUPLED RECEPTOR KINASE 4,rawtok_G_PROTEIN_COUPLED_RECEPTOR_KINASE_4,0.0,1.0,0,3,57,1.0,-0.0,-0.0
raw_token,raw_token,HISTAMINE H2 RECEPTOR,rawtok_HISTAMINE_H2_RECEPTOR,0.0,1.0,0,2,57,1.0,-0.0,-0.0
raw_token,raw_token,HOMEODOMAIN-INTERACTING PROTEIN KINASE 1,rawtok_HOMEODOMAIN_INTERACTING_PROTEIN_KINASE_1,0.0,1.0,0,4,57,1.0,-0.0,-0.0
raw_token,raw_token,HOMEODOMAIN-INTERACTING PROTEIN KINASE 2,rawtok_HOMEODOMAIN_INTERACTING_PROTEIN_KINASE_2,0.0,1.0,0,4,57,1.0,-0.0,-0.0
raw_token,raw_token,HOMEODOMAIN-INTERACTING PROTEIN KINASE 3,rawtok_HOMEODOMAIN_INTERACTING_PROTEIN_KINASE_3,0.0,1.0,0,4,57,1.0,-0.0,-0.0
raw_token,raw_token,HOMEODOMAIN-INTERACTING PROTEIN KINASE 4,rawtok_HOMEODOMAIN_INTERACTING_PROTEIN_KINASE_4,0.0,1.0,0,6,57,1.0,-0.0,-0.0
raw_token,raw_token,HORMONALLY UP-REGULATED NEU TUMOR-ASSOCIATED KINASE,rawtok_HORMONALLY_UP_REGULATED_NEU_TUMOR_ASSOCIATED_KINASE,0.0,1.0,0,3,57,1.0,-0.0,-0.0
raw_token,raw_token,HORMONE-RELATED,rawtok_HORMONE_RELATED,0.0,1.0,0,2,57,1.0,-0.0,-0.0
raw_token,raw_token,IGF1R,rawtok_IGF1R,0.0,1.0,0,2,57,1.0,-0.0,-0.0
raw_token,raw_token,INHIBITOR OF NUCLEAR FACTOR KAPPA-B KINASE SUBUNIT EPSILON,rawtok_INHIBITOR_OF_NUCLEAR_FACTOR_KAPPA_B_KINASE_SUBUNIT_EPSILON,0.0,1.0,0,2,57,1.0,-0.0,-0.0
raw_token,raw_token,INSULIN-LIKE GROWTH FACTOR 1 RECEPTOR,rawtok_INSULIN_LIKE_GROWTH_FACTOR_1_RECEPTOR,0.0,1.0,0,2,57,1.0,-0.0,-0.0
raw_token,raw_token,INSULIN RECEPTOR,rawtok_INSULIN_RECEPTOR,0.0,1.0,0,2,57,1.0,-0.0,-0.0
raw_token,raw_token,"INTERFERON-INDUCED, DOUBLE-STRANDED RNA-ACTIVATED PROTEIN KINASE",rawtok_INTERFERON_INDUCED_DOUBLE_STRANDED_RNA_ACTIVATED_PROTEIN_KINASE,0.0,1.0,0,2,57,1.0,-0.0,-0.0
raw_token,raw_token,INTERLEUKIN-1 RECEPTOR-ASSOCIATED KINASE 1,rawtok_INTERLEUKIN_1_RECEPTOR_ASSOCIATED_KINASE_1,0.0,1.0,0,5,57,1.0,-0.0,-0.0
raw_token,raw_token,INTERLEUKIN-1 RECEPTOR-ASSOCIATED KINASE 3,rawtok_INTERLEUKIN_1_RECEPTOR_ASSOCIATED_KINASE_3,0.0,1.0,0,3,57,1.0,-0.0,-0.0
raw_token,raw_token,INTERLEUKIN-1 RECEPTOR-ASSOCIATED KINASE 4,rawtok_INTERLEUKIN_1_RECEPTOR_ASSOCIATED_KINASE_4,0.0,1.0,0,4,57,1.0,-0.0,-0.0
raw_token,raw_token,KDR,rawtok_KDR,0.0,1.0,0,4,57,1.0,-0.0,-0.0
raw_token,raw_token,KINASES,rawtok_KINASES,0.0,1.0,0,2,57,1.0,-0.0,-0.0
raw_token,raw_token,KIT,rawtok_KIT,0.0,1.0,0,2,57,1.0,-0.0,-0.0
raw_token,raw_token,LIM DOMAIN KINASE 1,rawtok_LIM_DOMAIN_KINASE_1,0.0,1.0,0,4,57,1.0,-0.0,-0.0
raw_token,raw_token,MAP2K1,rawtok_MAP2K1,0.0,1.0,0,4,57,1.0,-0.0,-0.0
raw_token,raw_token,MAP2K2,rawtok_MAP2K2,0.0,1.0,0,3,57,1.0,-0.0,-0.0
raw_token,raw_token,MAP KINASE-ACTIVATED PROTEIN KINASE 2,rawtok_MAP_KINASE_ACTIVATED_PROTEIN_KINASE_2,0.0,1.0,0,2,57,1.0,-0.0,-0.0
raw_token,raw_token,MAP/MICROTUBULE AFFINITY-REGULATING KINASE 3,rawtok_MAP_MICROTUBULE_AFFINITY_REGULATING_KINASE_3,0.0,1.0,0,3,57,1.0,-0.0,-0.0
raw_token,raw_token,MAP/MICROTUBULE AFFINITY-REGULATING KINASE 4,rawtok_MAP_MICROTUBULE_AFFINITY_REGULATING_KINASE_4,0.0,1.0,0,2,57,1.0,-0.0,-0.0
raw_token,raw_token,MATERNAL EMBRYONIC LEUCINE ZIPPER KINASE,rawtok_MATERNAL_EMBRYONIC_LEUCINE_ZIPPER_KINASE,0.0,1.0,0,3,57,1.0,-0.0,-0.0
raw_token,raw_token,MDM2,rawtok_MDM2,0.0,1.0,0,2,57,1.0,-0.0,-0.0
raw_token,raw_token,MEGAKARYOCYTE-ASSOCIATED TYROSINE-PROTEIN KINASE,rawtok_MEGAKARYOCYTE_ASSOCIATED_TYROSINE_PROTEIN_KINASE,0.0,1.0,0,2,57,1.0,-0.0,-0.0
raw_token,raw_token,MEK1,rawtok_MEK1,0.0,1.0,0,4,57,1.0,-0.0,-0.0
raw_token,raw_token,MEK2,rawtok_MEK2,0.0,1.0,0,4,57,1.0,-0.0,-0.0
raw_token,raw_token,MELANOCORTIN RECEPTOR 3,rawtok_MELANOCORTIN_RECEPTOR_3,0.0,1.0,0,4,57,1.0,-0.0,-0.0
raw_token,raw_token,MELANOCORTIN RECEPTOR 4,rawtok_MELANOCORTIN_RECEPTOR_4,0.0,1.0,0,2,57,1.0,-0.0,-0.0
raw_token,raw_token,MICROTUBULE-ASSOCIATED SERINE/THREONINE-PROTEIN KINASE 1,rawtok_MICROTUBULE_ASSOCIATED_SERINE_THREONINE_PROTEIN_KINASE_1,0.0,1.0,0,2,57,1.0,-0.0,-0.0
raw_token,raw_token,MITOGEN-ACTIVATED PROTEIN KINASE 7,rawtok_MITOGEN_ACTIVATED_PROTEIN_KINASE_7,0.0,1.0,0,2,57,1.0,-0.0,-0.0
raw_token,raw_token,MITOGEN-ACTIVATED PROTEIN KINASE KINASE KINASE 1,rawtok_MITOGEN_ACTIVATED_PROTEIN_KINASE_KINASE_KINASE_1,0.0,1.0,0,2,57,1.0,-0.0,-0.0
raw_token,raw_token,MITOGEN-ACTIVATED PROTEIN KINASE KINASE KINASE 11,rawtok_MITOGEN_ACTIVATED_PROTEIN_KINASE_KINASE_KINASE_11,0.0,1.0,0,4,57,1.0,-0.0,-0.0
raw_token,raw_token,MITOGEN-ACTIVATED PROTEIN KINASE KINASE KINASE 12,rawtok_MITOGEN_ACTIVATED_PROTEIN_KINASE_KINASE_KINASE_12,0.0,1.0,0,3,57,1.0,-0.0,-0.0
raw_token,raw_token,MITOGEN-ACTIVATED PROTEIN KINASE KINASE KINASE 13,rawtok_MITOGEN_ACTIVATED_PROTEIN_KINASE_KINASE_KINASE_13,0.0,1.0,0,2,57,1.0,-0.0,-0.0
raw_token,raw_token,MITOGEN-ACTIVATED PROTEIN KINASE KINASE KINASE 19,rawtok_MITOGEN_ACTIVATED_PROTEIN_KINASE_KINASE_KINASE_19,0.0,1.0,0,6,57,1.0,-0.0,-0.0
raw_token,raw_token,MITOGEN-ACTIVATED PROTEIN KINASE KINASE KINASE 2,rawtok_MITOGEN_ACTIVATED_PROTEIN_KINASE_KINASE_KINASE_2,0.0,1.0,0,4,57,1.0,-0.0,-0.0
raw_token,raw_token,MITOGEN-ACTIVATED PROTEIN KINASE KINASE KINASE 3,rawtok_MITOGEN_ACTIVATED_PROTEIN_KINASE_KINASE_KINASE_3,0.0,1.0,0,5,57,1.0,-0.0,-0.0
raw_token,raw_token,MITOGEN-ACTIVATED PROTEIN KINASE KINASE KINASE 4,rawtok_MITOGEN_ACTIVATED_PROTEIN_KINASE_KINASE_KINASE_4,0.0,1.0,0,3,57,1.0,-0.0,-0.0
raw_token,raw_token,MITOGEN-ACTIVATED PROTEIN KINASE KINASE KINASE 9,rawtok_MITOGEN_ACTIVATED_PROTEIN_KINASE_KINASE_KINASE_9,0.0,1.0,0,3,57,1.0,-0.0,-0.0
raw_token,raw_token,MITOGEN-ACTIVATED PROTEIN KINASE KINASE KINASE KINASE 1,rawtok_MITOGEN_ACTIVATED_PROTEIN_KINASE_KINASE_KINASE_KINASE_1,0.0,1.0,0,6,57,1.0,-0.0,-0.0
raw_token,raw_token,MITOGEN-ACTIVATED PROTEIN KINASE KINASE KINASE KINASE 3,rawtok_MITOGEN_ACTIVATED_PROTEIN_KINASE_KINASE_KINASE_KINASE_3,0.0,1.0,0,5,57,1.0,-0.0,-0.0
raw_token,raw_token,MUSCARINIC ACETYLCHOLINE RECEPTOR M5,rawtok_MUSCARINIC_ACETYLCHOLINE_RECEPTOR_M5,0.0,1.0,0,2,57,1.0,-0.0,-0.0
raw_token,raw_token,MYOSIN-IIIA,rawtok_MYOSIN_IIIA,0.0,1.0,0,3,57,1.0,-0.0,-0.0
raw_token,raw_token,MYOSIN-IIIB,rawtok_MYOSIN_IIIB,0.0,1.0,0,2,57,1.0,-0.0,-0.0
raw_token,raw_token,MYOSIN LIGHT CHAIN KINASE,rawtok_MYOSIN_LIGHT_CHAIN_KINASE,0.0,1.0,0,3,57,1.0,-0.0,-0.0
raw_token,raw_token,"MYOSIN LIGHT CHAIN KINASE 2, SKELETAL/CARDIAC MUSCLE",rawtok_MYOSIN_LIGHT_CHAIN_KINASE_2_SKELETAL_CARDIAC_MUSCLE,0.0,1.0,0,3,57,1.0,-0.0,-0.0
raw_token,raw_token,MYOSIN LIGHT CHAIN KINASE FAMILY MEMBER 4,rawtok_MYOSIN_LIGHT_CHAIN_KINASE_FAMILY_MEMBER_4,0.0,1.0,0,3,57,1.0,-0.0,-0.0
raw_token,raw_token,"MYOSIN LIGHT CHAIN KINASE, SMOOTH MUSCLE",rawtok_MYOSIN_LIGHT_CHAIN_KINASE_SMOOTH_MUSCLE,0.0,1.0,0,3,57,1.0,-0.0,-0.0
raw_token,raw_token,MYOTONIN-PROTEIN KINASE,rawtok_MYOTONIN_PROTEIN_KINASE,0.0,1.0,0,3,57,1.0,-0.0,-0.0
raw_token,raw_token,NON-RECEPTOR TYROSINE-PROTEIN KINASE TNK1,rawtok_NON_RECEPTOR_TYROSINE_PROTEIN_KINASE_TNK1,0.0,1.0,0,2,57,1.0,-0.0,-0.0
raw_token,raw_token,NON-RECEPTOR TYROSINE-PROTEIN KINASE TYK2,rawtok_NON_RECEPTOR_TYROSINE_PROTEIN_KINASE_TYK2,0.0,1.0,0,4,57,1.0,-0.0,-0.0
raw_token,raw_token,NTRK1,rawtok_NTRK1,0.0,1.0,0,2,57,1.0,-0.0,-0.0
raw_token,raw_token,NUAK FAMILY SNF1-LIKE KINASE 1,rawtok_NUAK_FAMILY_SNF1_LIKE_KINASE_1,0.0,1.0,0,2,57,1.0,-0.0,-0.0
raw_token,raw_token,NUAK FAMILY SNF1-LIKE KINASE 2,rawtok_NUAK_FAMILY_SNF1_LIKE_KINASE_2,0.0,1.0,0,4,57,1.0,-0.0,-0.0
raw_token,raw_token,P53 PATHWAY,rawtok_P53_PATHWAY,0.0,1.0,0,2,57,1.0,-0.0,-0.0
raw_token,raw_token,PARP1,rawtok_PARP1,0.0,1.0,0,4,57,1.0,-0.0,-0.0
raw_token,raw_token,PARP2,rawtok_PARP2,0.0,1.0,0,4,57,1.0,-0.0,-0.0
raw_token,raw_token,PARP 1,rawtok_PARP_1,0.0,1.0,0,3,57,1.0,-0.0,-0.0
raw_token,raw_token,"PARP 1, 2 AND 3 INHIBITOR",rawtok_PARP_1_2_AND_3_INHIBITOR,0.0,1.0,0,3,57,1.0,-0.0,-0.0
raw_token,raw_token,PDGFR,rawtok_PDGFR,0.0,1.0,0,2,57,1.0,-0.0,-0.0
raw_token,raw_token,PERIPHERAL PLASMA MEMBRANE PROTEIN CASK,rawtok_PERIPHERAL_PLASMA_MEMBRANE_PROTEIN_CASK,0.0,1.0,0,2,57,1.0,-0.0,-0.0
raw_token,raw_token,PHOSPHATIDYLINOSITOL 3-KINASE C2 DOMAIN-CONTAINING SUBUNIT GAMMA,rawtok_PHOSPHATIDYLINOSITOL_3_KINASE_C2_DOMAIN_CONTAINING_SUBUNIT_GAMMA,0.0,1.0,0,2,57,1.0,-0.0,-0.0
raw_token,raw_token,PHOSPHATIDYLINOSITOL 3-KINASE CATALYTIC SUBUNIT TYPE 3,rawtok_PHOSPHATIDYLINOSITOL_3_KINASE_CATALYTIC_SUBUNIT_TYPE_3,0.0,1.0,0,2,57,1.0,-0.0,-0.0
raw_token,raw_token,PHOSPHATIDYLINOSITOL 4-KINASE BETA,rawtok_PHOSPHATIDYLINOSITOL_4_KINASE_BETA,0.0,1.0,0,3,57,1.0,-0.0,-0.0
raw_token,raw_token,PHOSPHATIDYLINOSITOL 4-PHOSPHATE 3-KINASE C2 DOMAIN-CONTAINING SUBUNIT ALPHA,rawtok_PHOSPHATIDYLINOSITOL_4_PHOSPHATE_3_KINASE_C2_DOMAIN_CONTAINING_SUBUNIT_A,0.0,1.0,0,2,57,1.0,-0.0,-0.0
raw_token,raw_token,PHOSPHATIDYLINOSITOL 4-PHOSPHATE 3-KINASE C2 DOMAIN-CONTAINING SUBUNIT BETA,rawtok_PHOSPHATIDYLINOSITOL_4_PHOSPHATE_3_KINASE_C2_DOMAIN_CONTAINING_SUBUNIT_B,0.0,1.0,0,3,57,1.0,-0.0,-0.0
raw_token,raw_token,PHOSPHATIDYLINOSITOL 4-PHOSPHATE 5-KINASE TYPE-1 ALPHA,rawtok_PHOSPHATIDYLINOSITOL_4_PHOSPHATE_5_KINASE_TYPE_1_ALPHA,0.0,1.0,0,2,57,1.0,-0.0,-0.0
raw_token,raw_token,"PHOSPHORYLASE B KINASE GAMMA CATALYTIC CHAIN, LIVER/TESTIS ISOFORM",rawtok_PHOSPHORYLASE_B_KINASE_GAMMA_CATALYTIC_CHAIN_LIVER_TESTIS_ISOFORM,0.0,1.0,0,4,57,1.0,-0.0,-0.0
raw_token,raw_token,"PHOSPHORYLASE B KINASE GAMMA CATALYTIC CHAIN, SKELETAL MUSCLE/HEART ISOFORM",rawtok_PHOSPHORYLASE_B_KINASE_GAMMA_CATALYTIC_CHAIN_SKELETAL_MUSCLE_HEART_ISOFO,0.0,1.0,0,4,57,1.0,-0.0,-0.0
raw_token,raw_token,PI3K (CLASS 1),rawtok_PI3K_CLASS_1,0.0,1.0,0,2,57,1.0,-0.0,-0.0
raw_token,raw_token,PI3-KINASE CLASS I INHIBITOR,rawtok_PI3_KINASE_CLASS_I_INHIBITOR,0.0,1.0,0,2,57,1.0,-0.0,-0.0
raw_token,raw_token,POLY [ADP-RIBOSE] POLYMERASE 1,rawtok_POLY_ADP_RIBOSE_POLYMERASE_1,0.0,1.0,0,4,57,1.0,-0.0,-0.0
raw_token,raw_token,POLY [ADP-RIBOSE] POLYMERASE 2,rawtok_POLY_ADP_RIBOSE_POLYMERASE_2,0.0,1.0,0,4,57,1.0,-0.0,-0.0
raw_token,raw_token,POLY [ADP-RIBOSE] POLYMERASE TANKYRASE-1,rawtok_POLY_ADP_RIBOSE_POLYMERASE_TANKYRASE_1,0.0,1.0,0,4,57,1.0,-0.0,-0.0
raw_token,raw_token,POLY [ADP-RIBOSE] POLYMERASE TANKYRASE-2,rawtok_POLY_ADP_RIBOSE_POLYMERASE_TANKYRASE_2,0.0,1.0,0,4,57,1.0,-0.0,-0.0
raw_token,raw_token,PROGESTERONE RECEPTOR,rawtok_PROGESTERONE_RECEPTOR,0.0,1.0,0,4,57,1.0,-0.0,-0.0
raw_token,raw_token,PROTEIN DELTA HOMOLOG 1,rawtok_PROTEIN_DELTA_HOMOLOG_1,0.0,1.0,0,3,57,1.0,-0.0,-0.0
raw_token,raw_token,PROTEIN KINASE C EPSILON TYPE,rawtok_PROTEIN_KINASE_C_EPSILON_TYPE,0.0,1.0,0,2,57,1.0,-0.0,-0.0
raw_token,raw_token,PROTEIN KINASE C THETA TYPE,rawtok_PROTEIN_KINASE_C_THETA_TYPE,0.0,1.0,0,2,57,1.0,-0.0,-0.0
raw_token,raw_token,PROTEIN MONO-ADP-RIBOSYLTRANSFERASE PARP10,rawtok_PROTEIN_MONO_ADP_RIBOSYLTRANSFERASE_PARP10,0.0,1.0,0,4,57,1.0,-0.0,-0.0
raw_token,raw_token,PROTEIN MONO-ADP-RIBOSYLTRANSFERASE PARP11,rawtok_PROTEIN_MONO_ADP_RIBOSYLTRANSFERASE_PARP11,0.0,1.0,0,2,57,1.0,-0.0,-0.0
raw_token,raw_token,PROTEIN MONO-ADP-RIBOSYLTRANSFERASE PARP12,rawtok_PROTEIN_MONO_ADP_RIBOSYLTRANSFERASE_PARP12,0.0,1.0,0,3,57,1.0,-0.0,-0.0
raw_token,raw_token,PROTEIN MONO-ADP-RIBOSYLTRANSFERASE PARP14,rawtok_PROTEIN_MONO_ADP_RIBOSYLTRANSFERASE_PARP14,0.0,1.0,0,3,57,1.0,-0.0,-0.0
raw_token,raw_token,PROTEIN MONO-ADP-RIBOSYLTRANSFERASE PARP15,rawtok_PROTEIN_MONO_ADP_RIBOSYLTRANSFERASE_PARP15,0.0,1.0,0,2,57,1.0,-0.0,-0.0
raw_token,raw_token,PROTEIN MONO-ADP-RIBOSYLTRANSFERASE PARP16,rawtok_PROTEIN_MONO_ADP_RIBOSYLTRANSFERASE_PARP16,0.0,1.0,0,3,57,1.0,-0.0,-0.0
raw_token,raw_token,PROTEIN MONO-ADP-RIBOSYLTRANSFERASE PARP3,rawtok_PROTEIN_MONO_ADP_RIBOSYLTRANSFERASE_PARP3,0.0,1.0,0,4,57,1.0,-0.0,-0.0
raw_token,raw_token,PROTEIN MONO-ADP-RIBOSYLTRANSFERASE PARP4,rawtok_PROTEIN_MONO_ADP_RIBOSYLTRANSFERASE_PARP4,0.0,1.0,0,4,57,1.0,-0.0,-0.0
raw_token,raw_token,PROTEIN MONO-ADP-RIBOSYLTRANSFERASE PARP8,rawtok_PROTEIN_MONO_ADP_RIBOSYLTRANSFERASE_PARP8,0.0,1.0,0,2,57,1.0,-0.0,-0.0
raw_token,raw_token,PROTEIN-TYROSINE KINASE 6,rawtok_PROTEIN_TYROSINE_KINASE_6,0.0,1.0,0,5,57,1.0,-0.0,-0.0
raw_token,raw_token,PROTO-ONCOGENE TYROSINE-PROTEIN KINASE ROS,rawtok_PROTO_ONCOGENE_TYROSINE_PROTEIN_KINASE_ROS,0.0,1.0,0,2,57,1.0,-0.0,-0.0
raw_token,raw_token,RAC-ALPHA SERINE/THREONINE-PROTEIN KINASE,rawtok_RAC_ALPHA_SERINE_THREONINE_PROTEIN_KINASE,0.0,1.0,0,3,57,1.0,-0.0,-0.0
raw_token,raw_token,RAC-BETA SERINE/THREONINE-PROTEIN KINASE,rawtok_RAC_BETA_SERINE_THREONINE_PROTEIN_KINASE,0.0,1.0,0,2,57,1.0,-0.0,-0.0
raw_token,raw_token,RAC-GAMMA SERINE/THREONINE-PROTEIN KINASE,rawtok_RAC_GAMMA_SERINE_THREONINE_PROTEIN_KINASE,0.0,1.0,0,2,57,1.0,-0.0,-0.0
raw_token,raw_token,RECEPTOR-INTERACTING SERINE/THREONINE-PROTEIN KINASE 1,rawtok_RECEPTOR_INTERACTING_SERINE_THREONINE_PROTEIN_KINASE_1,0.0,1.0,0,2,57,1.0,-0.0,-0.0
raw_token,raw_token,RECEPTOR-INTERACTING SERINE/THREONINE-PROTEIN KINASE 3,rawtok_RECEPTOR_INTERACTING_SERINE_THREONINE_PROTEIN_KINASE_3,0.0,1.0,0,2,57,1.0,-0.0,-0.0
raw_token,raw_token,RECEPTOR-INTERACTING SERINE/THREONINE-PROTEIN KINASE 4,rawtok_RECEPTOR_INTERACTING_SERINE_THREONINE_PROTEIN_KINASE_4,0.0,1.0,0,2,57,1.0,-0.0,-0.0
raw_token,raw_token,RECEPTOR TYROSINE-PROTEIN KINASE ERBB-2,rawtok_RECEPTOR_TYROSINE_PROTEIN_KINASE_ERBB_2,0.0,1.0,0,6,57,1.0,-0.0,-0.0
raw_token,raw_token,RECEPTOR TYROSINE-PROTEIN KINASE ERBB-3,rawtok_RECEPTOR_TYROSINE_PROTEIN_KINASE_ERBB_3,0.0,1.0,0,4,57,1.0,-0.0,-0.0
raw_token,raw_token,RECEPTOR TYROSINE-PROTEIN KINASE ERBB-4,rawtok_RECEPTOR_TYROSINE_PROTEIN_KINASE_ERBB_4,0.0,1.0,0,4,57,1.0,-0.0,-0.0
raw_token,raw_token,RHODOPSIN KINASE GRK7,rawtok_RHODOPSIN_KINASE_GRK7,0.0,1.0,0,2,57,1.0,-0.0,-0.0
raw_token,raw_token,RHO-ASSOCIATED PROTEIN KINASE 1,rawtok_RHO_ASSOCIATED_PROTEIN_KINASE_1,0.0,1.0,0,2,57,1.0,-0.0,-0.0
raw_token,raw_token,RIBOSOMAL PROTEIN S6 KINASE ALPHA-2,rawtok_RIBOSOMAL_PROTEIN_S6_KINASE_ALPHA_2,0.0,1.0,0,2,57,1.0,-0.0,-0.0
raw_token,raw_token,RIBOSOMAL PROTEIN S6 KINASE ALPHA-4,rawtok_RIBOSOMAL_PROTEIN_S6_KINASE_ALPHA_4,0.0,1.0,0,3,57,1.0,-0.0,-0.0
raw_token,raw_token,RIBOSOMAL PROTEIN S6 KINASE ALPHA-6,rawtok_RIBOSOMAL_PROTEIN_S6_KINASE_ALPHA_6,0.0,1.0,0,5,57,1.0,-0.0,-0.0
raw_token,raw_token,RIBOSOMAL PROTEIN S6 KINASE BETA-1,rawtok_RIBOSOMAL_PROTEIN_S6_KINASE_BETA_1,0.0,1.0,0,2,57,1.0,-0.0,-0.0
raw_token,raw_token,RIBOSYLDIHYDRONICOTINAMIDE DEHYDROGENASE [QUINONE],rawtok_RIBOSYLDIHYDRONICOTINAMIDE_DEHYDROGENASE_QUINONE,0.0,1.0,0,2,57,1.0,-0.0,-0.0
raw_token,raw_token,RTK SIGNALING,rawtok_RTK_SIGNALING,0.0,1.0,0,5,57,1.0,-0.0,-0.0
raw_token,raw_token,SERINE,rawtok_SERINE,0.0,1.0,0,3,57,1.0,-0.0,-0.0
raw_token,raw_token,SERINE/THREONINE-PROTEIN KINASE 17A,rawtok_SERINE_THREONINE_PROTEIN_KINASE_17A,0.0,1.0,0,3,57,1.0,-0.0,-0.0
raw_token,raw_token,SERINE/THREONINE-PROTEIN KINASE 17B,rawtok_SERINE_THREONINE_PROTEIN_KINASE_17B,0.0,1.0,0,2,57,1.0,-0.0,-0.0
raw_token,raw_token,SERINE/THREONINE-PROTEIN KINASE 24,rawtok_SERINE_THREONINE_PROTEIN_KINASE_24,0.0,1.0,0,2,57,1.0,-0.0,-0.0
raw_token,raw_token,SERINE/THREONINE-PROTEIN KINASE 25,rawtok_SERINE_THREONINE_PROTEIN_KINASE_25,0.0,1.0,0,2,57,1.0,-0.0,-0.0
raw_token,raw_token,SERINE/THREONINE-PROTEIN KINASE 26,rawtok_SERINE_THREONINE_PROTEIN_KINASE_26,0.0,1.0,0,3,57,1.0,-0.0,-0.0
raw_token,raw_token,SERINE/THREONINE-PROTEIN KINASE 3,rawtok_SERINE_THREONINE_PROTEIN_KINASE_3,0.0,1.0,0,4,57,1.0,-0.0,-0.0
raw_token,raw_token,SERINE/THREONINE-PROTEIN KINASE 32A,rawtok_SERINE_THREONINE_PROTEIN_KINASE_32A,0.0,1.0,0,2,57,1.0,-0.0,-0.0
raw_token,raw_token,SERINE/THREONINE-PROTEIN KINASE 33,rawtok_SERINE_THREONINE_PROTEIN_KINASE_33,0.0,1.0,0,2,57,1.0,-0.0,-0.0
raw_token,raw_token,SERINE/THREONINE-PROTEIN KINASE 35,rawtok_SERINE_THREONINE_PROTEIN_KINASE_35,0.0,1.0,0,3,57,1.0,-0.0,-0.0
raw_token,raw_token,SERINE/THREONINE-PROTEIN KINASE 36,rawtok_SERINE_THREONINE_PROTEIN_KINASE_36,0.0,1.0,0,4,57,1.0,-0.0,-0.0
raw_token,raw_token,SERINE/THREONINE-PROTEIN KINASE 4,rawtok_SERINE_THREONINE_PROTEIN_KINASE_4,0.0,1.0,0,5,57,1.0,-0.0,-0.0
raw_token,raw_token,SERINE/THREONINE-PROTEIN KINASE ATR,rawtok_SERINE_THREONINE_PROTEIN_KINASE_ATR,0.0,1.0,0,2,57,1.0,-0.0,-0.0
raw_token,raw_token,SERINE/THREONINE-PROTEIN KINASE BRSK1,rawtok_SERINE_THREONINE_PROTEIN_KINASE_BRSK1,0.0,1.0,0,2,57,1.0,-0.0,-0.0
raw_token,raw_token,SERINE/THREONINE-PROTEIN KINASE D1,rawtok_SERINE_THREONINE_PROTEIN_KINASE_D1,0.0,1.0,0,2,57,1.0,-0.0,-0.0
raw_token,raw_token,SERINE/THREONINE-PROTEIN KINASE DCLK3,rawtok_SERINE_THREONINE_PROTEIN_KINASE_DCLK3,0.0,1.0,0,4,57,1.0,-0.0,-0.0
raw_token,raw_token,SERINE/THREONINE-PROTEIN KINASE ICK,rawtok_SERINE_THREONINE_PROTEIN_KINASE_ICK,0.0,1.0,0,2,57,1.0,-0.0,-0.0
raw_token,raw_token,SERINE/THREONINE-PROTEIN KINASE N1,rawtok_SERINE_THREONINE_PROTEIN_KINASE_N1,0.0,1.0,0,3,57,1.0,-0.0,-0.0
raw_token,raw_token,SERINE/THREONINE-PROTEIN KINASE N2,rawtok_SERINE_THREONINE_PROTEIN_KINASE_N2,0.0,1.0,0,4,57,1.0,-0.0,-0.0
raw_token,raw_token,SERINE/THREONINE-PROTEIN KINASE NEK11,rawtok_SERINE_THREONINE_PROTEIN_KINASE_NEK11,0.0,1.0,0,2,57,1.0,-0.0,-0.0
raw_token,raw_token,SERINE/THREONINE-PROTEIN KINASE NIM1,rawtok_SERINE_THREONINE_PROTEIN_KINASE_NIM1,0.0,1.0,0,2,57,1.0,-0.0,-0.0
raw_token,raw_token,SERINE/THREONINE-PROTEIN KINASE OSR1,rawtok_SERINE_THREONINE_PROTEIN_KINASE_OSR1,0.0,1.0,0,2,57,1.0,-0.0,-0.0
raw_token,raw_token,SERINE/THREONINE-PROTEIN KINASE PAK 1,rawtok_SERINE_THREONINE_PROTEIN_KINASE_PAK_1,0.0,1.0,0,3,57,1.0,-0.0,-0.0
raw_token,raw_token,SERINE/THREONINE-PROTEIN KINASE PAK 2,rawtok_SERINE_THREONINE_PROTEIN_KINASE_PAK_2,0.0,1.0,0,2,57,1.0,-0.0,-0.0
raw_token,raw_token,SERINE/THREONINE-PROTEIN KINASE PAK 3,rawtok_SERINE_THREONINE_PROTEIN_KINASE_PAK_3,0.0,1.0,0,2,57,1.0,-0.0,-0.0
raw_token,raw_token,SERINE/THREONINE-PROTEIN KINASE PIM-1,rawtok_SERINE_THREONINE_PROTEIN_KINASE_PIM_1,0.0,1.0,0,3,57,1.0,-0.0,-0.0
raw_token,raw_token,SERINE/THREONINE-PROTEIN KINASE PIM-3,rawtok_SERINE_THREONINE_PROTEIN_KINASE_PIM_3,0.0,1.0,0,3,57,1.0,-0.0,-0.0
raw_token,raw_token,SERINE/THREONINE-PROTEIN KINASE PLK2,rawtok_SERINE_THREONINE_PROTEIN_KINASE_PLK2,0.0,1.0,0,2,57,1.0,-0.0,-0.0
raw_token,raw_token,SERINE/THREONINE-PROTEIN KINASE PLK4,rawtok_SERINE_THREONINE_PROTEIN_KINASE_PLK4,0.0,1.0,0,5,57,1.0,-0.0,-0.0
raw_token,raw_token,SERINE/THREONINE-PROTEIN KINASE RIO1,rawtok_SERINE_THREONINE_PROTEIN_KINASE_RIO1,0.0,1.0,0,3,57,1.0,-0.0,-0.0
raw_token,raw_token,SERINE/THREONINE-PROTEIN KINASE RIO2,rawtok_SERINE_THREONINE_PROTEIN_KINASE_RIO2,0.0,1.0,0,3,57,1.0,-0.0,-0.0
raw_token,raw_token,SERINE/THREONINE-PROTEIN KINASE RIO3,rawtok_SERINE_THREONINE_PROTEIN_KINASE_RIO3,0.0,1.0,0,3,57,1.0,-0.0,-0.0
raw_token,raw_token,SERINE/THREONINE-PROTEIN KINASE SBK1,rawtok_SERINE_THREONINE_PROTEIN_KINASE_SBK1,0.0,1.0,0,3,57,1.0,-0.0,-0.0
raw_token,raw_token,SERINE/THREONINE-PROTEIN KINASE SGK3,rawtok_SERINE_THREONINE_PROTEIN_KINASE_SGK3,0.0,1.0,0,2,57,1.0,-0.0,-0.0
raw_token,raw_token,SERINE/THREONINE-PROTEIN KINASE SIK1,rawtok_SERINE_THREONINE_PROTEIN_KINASE_SIK1,0.0,1.0,0,4,57,1.0,-0.0,-0.0
raw_token,raw_token,SERINE/THREONINE-PROTEIN KINASE SIK2,rawtok_SERINE_THREONINE_PROTEIN_KINASE_SIK2,0.0,1.0,0,5,57,1.0,-0.0,-0.0
raw_token,raw_token,SERINE/THREONINE-PROTEIN KINASE SIK3,rawtok_SERINE_THREONINE_PROTEIN_KINASE_SIK3,0.0,1.0,0,3,57,1.0,-0.0,-0.0
raw_token,raw_token,SERINE/THREONINE-PROTEIN KINASE TBK1,rawtok_SERINE_THREONINE_PROTEIN_KINASE_TBK1,0.0,1.0,0,2,57,1.0,-0.0,-0.0
raw_token,raw_token,SERINE/THREONINE-PROTEIN KINASE TNNI3K,rawtok_SERINE_THREONINE_PROTEIN_KINASE_TNNI3K,0.0,1.0,0,3,57,1.0,-0.0,-0.0
raw_token,raw_token,SERINE/THREONINE-PROTEIN KINASE TOUSLED-LIKE 1,rawtok_SERINE_THREONINE_PROTEIN_KINASE_TOUSLED_LIKE_1,0.0,1.0,0,2,57,1.0,-0.0,-0.0
raw_token,raw_token,SERINE/THREONINE-PROTEIN KINASE TOUSLED-LIKE 2,rawtok_SERINE_THREONINE_PROTEIN_KINASE_TOUSLED_LIKE_2,0.0,1.0,0,2,57,1.0,-0.0,-0.0
raw_token,raw_token,SERINE/THREONINE-PROTEIN KINASE ULK1,rawtok_SERINE_THREONINE_PROTEIN_KINASE_ULK1,0.0,1.0,0,3,57,1.0,-0.0,-0.0
raw_token,raw_token,SERINE/THREONINE-PROTEIN KINASE ULK2,rawtok_SERINE_THREONINE_PROTEIN_KINASE_ULK2,0.0,1.0,0,3,57,1.0,-0.0,-0.0
raw_token,raw_token,SERINE/THREONINE-PROTEIN KINASE ULK3,rawtok_SERINE_THREONINE_PROTEIN_KINASE_ULK3,0.0,1.0,0,4,57,1.0,-0.0,-0.0
raw_token,raw_token,SODIUM-DEPENDENT SEROTONIN TRANSPORTER,rawtok_SODIUM_DEPENDENT_SEROTONIN_TRANSPORTER,0.0,1.0,0,2,57,1.0,-0.0,-0.0
raw_token,raw_token,SRSF PROTEIN KINASE 1,rawtok_SRSF_PROTEIN_KINASE_1,0.0,1.0,0,2,57,1.0,-0.0,-0.0
raw_token,raw_token,SRSF PROTEIN KINASE 3,rawtok_SRSF_PROTEIN_KINASE_3,0.0,1.0,0,3,57,1.0,-0.0,-0.0
raw_token,raw_token,STE20/SPS1-RELATED PROLINE-ALANINE-RICH PROTEIN KINASE,rawtok_STE20_SPS1_RELATED_PROLINE_ALANINE_RICH_PROTEIN_KINASE,0.0,1.0,0,2,57,1.0,-0.0,-0.0
raw_token,raw_token,STEROID HORMONE RECEPTOR ERR1,rawtok_STEROID_HORMONE_RECEPTOR_ERR1,0.0,1.0,0,2,57,1.0,-0.0,-0.0
raw_token,raw_token,SUBSTANCE-P RECEPTOR,rawtok_SUBSTANCE_P_RECEPTOR,0.0,1.0,0,2,57,1.0,-0.0,-0.0
raw_token,raw_token,TESTIS-SPECIFIC SERINE/THREONINE-PROTEIN KINASE 1,rawtok_TESTIS_SPECIFIC_SERINE_THREONINE_PROTEIN_KINASE_1,0.0,1.0,0,2,57,1.0,-0.0,-0.0
raw_token,raw_token,TGF-BETA RECEPTOR TYPE-2,rawtok_TGF_BETA_RECEPTOR_TYPE_2,0.0,1.0,0,2,57,1.0,-0.0,-0.0
raw_token,raw_token,TYROSINE-PROTEIN KINASE CSK,rawtok_TYROSINE_PROTEIN_KINASE_CSK,0.0,1.0,0,6,57,1.0,-0.0,-0.0
raw_token,raw_token,TYROSINE-PROTEIN KINASE FES/FPS,rawtok_TYROSINE_PROTEIN_KINASE_FES_FPS,0.0,1.0,0,4,57,1.0,-0.0,-0.0
raw_token,raw_token,TYROSINE-PROTEIN KINASE ITK/TSK,rawtok_TYROSINE_PROTEIN_KINASE_ITK_TSK,0.0,1.0,0,3,57,1.0,-0.0,-0.0
raw_token,raw_token,TYROSINE-PROTEIN KINASE JAK1,rawtok_TYROSINE_PROTEIN_KINASE_JAK1,0.0,1.0,0,3,57,1.0,-0.0,-0.0
raw_token,raw_token,TYROSINE-PROTEIN KINASE JAK2,rawtok_TYROSINE_PROTEIN_KINASE_JAK2,0.0,1.0,0,4,57,1.0,-0.0,-0.0
raw_token,raw_token,TYROSINE-PROTEIN KINASE RECEPTOR RET INHIBITOR,rawtok_TYROSINE_PROTEIN_KINASE_RECEPTOR_RET_INHIBITOR,0.0,1.0,0,2,57,1.0,-0.0,-0.0
raw_token,raw_token,TYROSINE-PROTEIN KINASE RECEPTOR UFO,rawtok_TYROSINE_PROTEIN_KINASE_RECEPTOR_UFO,0.0,1.0,0,5,57,1.0,-0.0,-0.0
raw_token,raw_token,TYROSINE-PROTEIN KINASE SRMS,rawtok_TYROSINE_PROTEIN_KINASE_SRMS,0.0,1.0,0,3,57,1.0,-0.0,-0.0
raw_token,raw_token,TYROSINE-PROTEIN KINASE SYK,rawtok_TYROSINE_PROTEIN_KINASE_SYK,0.0,1.0,0,3,57,1.0,-0.0,-0.0
raw_token,raw_token,TYROSINE-PROTEIN KINASE TEC,rawtok_TYROSINE_PROTEIN_KINASE_TEC,0.0,1.0,0,3,57,1.0,-0.0,-0.0
raw_token,raw_token,TYROSINE-PROTEIN KINASE TXK,rawtok_TYROSINE_PROTEIN_KINASE_TXK,0.0,1.0,0,5,57,1.0,-0.0,-0.0
raw_token,raw_token,TYROSINE-PROTEIN KINASE ZAP-70,rawtok_TYROSINE_PROTEIN_KINASE_ZAP_70,0.0,1.0,0,2,57,1.0,-0.0,-0.0
raw_token,raw_token,VASCULAR ENDOTHELIAL GROWTH FACTOR RECEPTOR INHIBITOR,rawtok_VASCULAR_ENDOTHELIAL_GROWTH_FACTOR_RECEPTOR_INHIBITOR,0.0,1.0,0,2,57,1.0,-0.0,-0.0
raw_token,raw_token,VEGFR,rawtok_VEGFR,0.0,1.0,0,2,57,1.0,-0.0,-0.0
raw_token,raw_token,WEE1-LIKE PROTEIN KINASE,rawtok_WEE1_LIKE_PROTEIN_KINASE,0.0,1.0,0,2,57,1.0,-0.0,-0.0
raw_token,raw_token,WEE1-LIKE PROTEIN KINASE 2,rawtok_WEE1_LIKE_PROTEIN_KINASE_2,0.0,1.0,0,2,57,1.0,-0.0,-0.0
